Source_id,Title,Time,Author,Content,categories,Other_picture
72388245314,群益期貨新增19檔美股CFD標的 涵蓋AI科技巨頭與熱門ETF,2024-09-23 05:26:00+00:00,廖賢龍,美股在今年AI題材及聯準會降息預期的推動下，成為台灣投資人關注的焦點。根據統計，2023年透過國內複委託投資美股與ETF的成交金額達欣台幣3.08兆元，而今年1至7月已達3.06兆元，年底有望突破5兆元大關。為回應投資人對美股市場的需求，台灣期交所於9月12日公告更新期貨商得受託從事期貨交易之國外期貨交易契約，新增19檔美股與ETF為可交易的個股選擇權，其中包括12檔美股與7檔ETF。群益期貨9月19日同步新增這些標的作為美股差價合約（CFD）的連結標的，投資人可透過「群益CTA」及「奈米交易王」兩大槓桿保證金交易平台進行交易。  新增的美股CFD標的中，具亮點的公司包括元宇宙與社群媒體巨頭Meta（META）、AI伺服器大廠美超微（SMCI）、全球最大網路租車與外送平台優步（Uber），以及美國最大加密貨幣交易所Coinbase（COIN）。此外，投資人還可以交易三倍做多Nasdaq指數的ProShares UltraPro QQQ（TQQQ）與三倍做空Nasdaq指數的ProShares UltraPro ShortQQQ（SQQQ），以及其他備受關注的ETF，如投資等級公司債iShares iBoxx $Investment Grade Corporate Bond（LQD）、高收益公司債iShares iBoxx $ High Yield Corporate Bond ETF（HYG），和美國房地產指數ETF iShares U.S. Real Estate ETF（IYR）。  美股CFD提供投資人透過槓桿參與美股漲跌，類似於台灣的股票期貨，其靈活性可讓投資人操作多空雙向，無論股市上漲或下跌都可獲利，是一般美股複委託所無法提供的功能。這不僅適合當沖或波段操作，亦可作為美股看空或持有現貨的避險工具，特別在近期市場波動加劇的環境下，為投資人增加更多選擇與勝算。  群益期貨作為金融市場的領導者，率先推出一倍槓桿美股CFD，專為希望參與美股但又避免高槓桿風險的投資者設計。該商品無需使用槓桿，投資人可長期持有且無需支付額外的財務費用，交易體驗與現股交易幾無差異，但享有更低的交易成本優勢。透過群益APP，投資人能即時掌握美股報價，並運用先進的智能交易功能，如預設停利與停損單，有效進行風險管理。此次新增的一倍美股CFD標的，讓投資人能更靈活地配置資產，應對市場變化。,產經,
72418245309,碳費開徵在即！台廠為高效減碳找解方 軟體、資服吃香,2024-09-23 05:26:00+00:00,吳康瑋,https://pgw.udn.com.tw/gw/photo.php?u=https://uc.udn.com.tw/photo/2024/09/23/realtime/30590425.jpg&x=0&y=0&sw=0&sh=0&sl=W&fw=800&exp=3600&w=930倍力董事長許金隆。記者吳康瑋／攝影全世界都在為地球暖化找解方，就連聯合國都出面重申唯有「淨零碳排」，才可控制全球溫度上升，面對此情此景，台灣也不落人後，跟進提出2050淨零排放路徑，也讓「碳排管理」成為所有企業都需要落實的目標。而隨著碳權交易上路，追求淨零碳排的路上仍有太多的利害關係考量，並且各大企業在投入減碳時，所耗費的心力也是一大考驗，許多業者陷入要選用市場開發的碳排調查系統還是自己從頭開發等難題，如何即時的達成減碳任務，已成如今企業最大的課題。  事實上，隨著全球氣候暖化問題越發嚴重，也讓各界意識到「低碳轉型」是必要之舉，也引發成百上千家企業，主動著手投入大筆資源，啟動各項減碳措施，以解決極端氣候的問題，目前最常見的做法多從綠能與減碳兩大議題下手。不過在啟動減碳前，必須先知道自己的碳排放量、因此市場對「碳盤查」的需求也應運而生，而目前市場上有2大族群特比吃香，包括「軟體業者」、「資服業者」的多家大廠，紛紛看準有關商機，提前搶進完成布局，也因此帶動整體營運表現大幅提升。  不過，現在仍有許多衍生的議題仍尚未釐清，並且全球暖化問題仍在持續惡化，光靠企業推出的各項減碳措施，也無法完全解決環境爆發的各項問題，此外，無論任何企業經營與商業活動，事實上都離不開用電，因此在獲利模式不夠明確、大環境持續惡化之下，整個市場仍須待大廠持續投入開發，才有望出現更全面的解決方案來改善。  倍力（6874）董事長許金隆也透露，進入2024年碳權市場重心就從「碳盤查」改變至「減碳」，而透過有效率的數位系統協助進行減碳方法與目標差異管理是接下來的重點。減碳很重要的是要先確認目標，接著透過高效與彈性的碳盤查系統產生資料看出與目標的差距，才能擬定正確的策略，加以有效執行並達到減碳目標。  對此，各大廠為因應歐盟CBAM的查驗需求，碳管理的重要性逐步提升，而倍力逐步藉由「財務報告書解決方案」與「碳管家」兩大自主開發的軟體，為企業打造完整的「企業永續財務分析平台」，成功搶下市場商機。展望未來，許金隆則持續看好整個市場日漸擴大的趨勢，並推出「碳管家2.0」，押寶持續爆發的碳費商機。,產經,
72408245297,00888成分股調整 AI供應鏈京元電等入列,2024-09-23 05:26:00+00:00,廖賢龍,受益人數達6.3萬人的00888永豐台灣ESG ETF（00888）追蹤指數富時台灣ESG優質指數進行指數半年度調整，這次調整新增五檔，同時剔除22檔個股。  永豐台灣ESG ETF(00888)經理人蔡長琛表示，富時台灣ESG優質指數是依據富時指數公司編製原則，透過富時評鑑系統的ESG評分，以及殖利率作為加權等條件，最終篩選出「ESG評分高、殖利率佳」的優質企業。這次新增瑞昱（2379）、京元電子（2449）、萬海（2615）、中租-KY（5871）及環球晶（6488），並剔除台塑（1301）、東元（1504）、中鋼（2002）、中華（2204）及智邦（2345）等標的，指數成分股以台積電（2330）、聯電（2303）為主要持股。  蔡長琛指出，這次成分股納入封測廠大廠京元電，可望為00888增添動能，京元電業績除了受惠於AI供應鏈的連動而跟著水漲船高外，所承接的GPU晶片測試時程也將再往後延長，預估至2025年與AI有關的營收比重將提升，可望再提升毛利率。  蔡長琛提醒，聯準會開啟降息循環，出乎市場預期降息2碼，同時臨近11月美國總統大選，投資人仍要注意股市波動風險依然存在，建議可選擇ETF來分散單一個股風險，以00888為例，一次就能涵蓋數十檔個股，參與台股投資契機，且重視股息率，順應ESG趨勢風潮，相當適合投資人作為長期存股標的。 ,產經,
72398245296,高股息新兵本周募集登場 00961主打核心以 ROE 為選股邏輯,2024-09-23 05:26:00+00:00,廖賢龍,富蘭克林華美投信推出臺灣ESG永續高息ETF(00961)，主打核心以股東權益報酬率(ROE)做為選股邏輯，將於9月25至27日展開為期三天的募集。  富蘭克林華美投信表示，這次00961主打高股息投資再淬鍊，除了考量持股的股利率外，更添加ROE選股與權重調整策略，幫助投資人在投資高股息的時候有效迴避貼息的風險。  富蘭克林華美投信表示，高股息ETF不單單只是找到股利率最高的企業就好，而是要找出真正有能力發出股利且有能力填息的優質企業，因此00961追蹤的指數以ROE做為成分股篩選邏輯，篩選出會替股東賺錢的公司(即ROE為正數)，並在5月與11月的兩次持股調整中，5月依據最新公告股利率進行高股息排序調整持股；11月則是再透過比較各企業的季ROE成長率對股利率進行加權排序，找出哪間公司不只替股東賺錢，更是越賺越多的情況下，就加碼這間公司的持股，做到既能有高股息的收入，也能享有更高的填息機會與成長期待的空間。  除了高股息、重成長外，00961挑選的成分股更符合國際ESG公司評分篩選，因應全球快速發展下，碳權、國際環境議題重視程度持續上升，唯有提早布局才能享有後續發展的紅利。,產經,
72388245290,展望第4季股票 瀚亞投信看好美、歐、日、台、印度,2024-09-23 05:26:00+00:00,廖賢龍,https://pgw.udn.com.tw/gw/photo.php?u=https://uc.udn.com.tw/photo/2024/09/23/realtime/30590397.jpg&x=0&y=0&sw=0&sh=0&sl=W&fw=800&exp=3600&w=930全球主要股票市場第4季展望。(資料來源：瀚亞投信)全球股市第3季震盪劇烈。展望第4季，瀚亞投信表示，雖然市場仍有諸多的不確定性，股票走勢仍會有波動，但經過一波修正後，評價更具投資價值，依舊看好美國、歐洲、日本、台灣及印度股票的表現。  瀚亞投信海外股票暨固定收益部主管林元平表示，美國聯準會啟動降息週期，搭配景氣走向軟著陸，科技股有望維持上漲動能；同時，美國總統大選在即，本屆大選更受到市場高度關注，但不論是誰當選，根據歷史經驗，美股在選後利空出盡的機率也較高。  林元平表示，美股在第3季回檔之後，評價變得相對合宜，投資人將重新聚焦企業獲利本質，青睞積極投資AI與數位化轉型的產業與公司；美股與半導體股均進入盈餘上升週期，四大雲端業者也加大投資力道，皆有助於美股大盤走升。  歐洲與美國經濟增速差收斂，評價相對低廉，歐元與英鎊相對美元開始升值；隨著歐洲景氣逐步復甦，信貸需求回溫，通膨回落步伐符合預期，但當美國科技股再起時，以消費品為大宗的歐股表現可能會稍微落後。  自去年起成為投資焦點的日股，8月出現恐慌性賣壓，使日股大跌，即使有反彈，但仍處於便宜位置；日本企業盈餘並未出現大幅度下修，獲利仍穩健，搭配實質薪資成長翻正，有助於支撐日本內需與經濟成長。  瀚亞投信表示，新興市場相對看好印度與台灣股市。印度季風雨量優於預期，為市場信心層面加分，央行始終不敢鬆口的食品通膨出現陡降態勢，降息再度成為檯面上的話題；印度期中預算兼顧平衡與發展，政府債務比持續降低，搭配調升的企業獲利展望，有利於大盤走勢。  瀚亞投信國內投資部主管姚宗宏表示，台灣與科技股的關聯性高，波動也會較為劇烈，但聯準會啟動降息循環，多數產業業績有機會回成長軌道，弱勢美元也將帶動強勢亞洲貨幣，資金有望回流亞洲市場。  姚宗宏說，8月受到市場去槓桿影響，股市波動較為劇烈，但觀察半導體供應鏈上下游，AI相關需求仍續強，惟車用、工控等庫存調整將延長至明年上半年，消費性電子需求也只回復正常季節性。  台股第4季走勢仍將受降息政策與美國總統大選等變數影響，持續看好相關半導體先進製程與邊緣裝置/設備等，加上美國降息週期將啟動，低基期景氣循環產業預期業績有望回升，整體股市仍偏多看待，可定期定額或拉回買進方式布局。,產經,
72388245289,租補預算創新高挨轟大撒幣 國土署拿出三點駁斥,2024-09-23 05:26:00+00:00,胡順惠,https://pgw.udn.com.tw/gw/photo.php?u=https://uc.udn.com.tw/photo/2024/09/23/realtime/30590394.jpg&x=0&y=0&sw=0&sh=0&sl=W&fw=800&exp=3600&w=930國土署認為租屋補貼與直接興建社宅不衝突，居住正義是讓民眾有多元選擇。圖／聯合報系資料照片國民黨立委羅智強質疑，租金補貼預算直逼社宅工程款，顯現總統賴清德的住宅政策「發錢不手軟、做事就腿軟」；內政部國土署23日回應，租金補貼政策絕非大撒幣，直接興建社會住宅、包租代管、租金補貼三大政策是互相輔助且不衝突。  羅智強拿出「300億元中央擴大租金補貼專案計畫」指，2022年到2025年租金補貼預算達840億元，直逼社宅工程款827億元，總統住宅政策剩下大撒幣，可謂「發錢不手軟、做事就腿軟」，已經本末倒置。  國土署表示，2022年起開辦300 億元中央擴大租金補貼專案，截至今年8月底止，核定補貼戶數已從111年核准27.8萬戶到現今申請受理案件數逾80萬戶，核定件數成長至62.8萬餘戶，顯示「百萬租屋家庭政策」及配套措施確實發揮照顧及支持租屋族效益。  首先，國土署拿出2023年至2024年度租金補貼滿意度調查，民眾對於租金補貼政策的滿意度高達7成，其中多數屬於青年族群，經分析接受租金補貼者實際減輕居住負擔4至5成，「非六都」之縣（市）減輕負擔比例為51%，「六都」直轄市為46%。  國土署指出，第二，透過補貼專案，已掌握市場上大量有效租約資訊，透過統計分析，已在去識別化及隱私保護原則下， 8月先後公布全國大專院校周邊及各行政區的實際租金統計資料，有助穩定租屋市場租金價格，逐步打破租屋黑市，健全租屋市場發展。  國土署還說，第三，透過修正租賃條例及定型化契約規定，規定房東不得限制房客申請租金補貼，並自8月起，委託法扶基金會提供租屋民眾免費租屋糾紛法律電話諮詢，更加落實租屋民眾權益保障。  國土署強調，強調租金補貼政策因累積相當成果及務實考量租屋族的居住需求，因此2025年將擴大辦理，「租金補貼政策絕非大撒幣」，直接興建社會住宅、包租代管、租金補貼三大政策是互相輔助且不衝突，真正的居住正義是讓民眾對於自己的居住及生活方式能有多元選擇。,產經,
72418245269,赴日投資企業注意 會計師給出稅改三大重點,2024-09-23 05:26:00+00:00,胡順惠,https://pgw.udn.com.tw/gw/photo.php?u=https://uc.udn.com.tw/photo/2024/09/23/realtime/30590321.jpg&x=0&y=0&sw=0&sh=0&sl=W&fw=800&exp=3600&w=930勤業眾信稅務部會計師婁朧允。勤業眾信提供日本政府為刺激國內經濟、提高生產力，3月28日通過《2024 年稅制改革綱要》，公司所得稅改革包括鼓勵薪資成長等立即性措施，以及促進長期成長之稅收獎勵。勤業眾信稅務部會計師婁朧允指出，此次稅改提出策略性投資、創新盒制度兩項新租稅優惠，並修訂既有的碳中和稅收抵減。  第一，策略性投資抵減中，日本政府祭出稅務優惠，針對在日本製造與銷售半導體、電動車、綠色鋼鐵、綠色化學品和永續航空燃料產品（統稱「強化產業競爭力基礎設施之產品」）之企業，提供投資抵減。  投資抵減金額，依照適用年度內「強化產業競爭力基礎設施之產品」的銷售量所計算之金額，或 業務調整計畫中所述與生產「強化產業競爭力基礎設施之產品」相關之資產的購置成本，由兩者取其低。  婁朧允表示，策略性投資抵減需於2027 年 3 月 31 日前提出申請，申請獲准後可適用10年，每年得抵減之上限為當年度應納稅額的40%（20%，如為生產半導體產品相關資產），超過上限的部分得於未來4年（3年，如為生產半導體產品相關之資產）抵減。  第二，創新盒制度部分，為了支持日本企業投資無形資產，以強化日本研發競爭力，適用於2024年4月1日或之後年度所取得或生產的專利權（簡稱「特定專利權」），稅收優惠期間則為2025年4月1日至2032年3月31日。  日本企業如自行研發人工智慧相關軟體的專利權，並將專利權轉讓給另一日本企業或將該專利權授權日本境內或境外之企業（統稱「專利權移轉交易」），核准適用期間得自當年度的所得中，可減除稅收。  婁朧允表示，創新盒制度相當於針對符合條件之所得，提供約 7%公司稅之稅務利益（即23.2% × 30%）。需留意的是，創新盒制度不適用於關係企業間之移轉或授權。此外，為了避免企業享受雙重優惠，適用創新盒稅收優惠的公司能主張之研發投抵也將受到限制。  第三，碳中和稅收抵減，日本在2024年的稅制改革除了將稅務優惠期限延長2年，也對內容進行修訂，修訂後的制度要求更高的碳生產率，由原先的最低7%提升至15%或更高（中小企業為10%或更高），企業業務適應計畫如於2026 年 3 月 31 日之前取得認證，並在認證後 3 年內將合格資產投入使用，則可適用碳中和稅收抵減或合格資產之加速折舊。  婁朧允提醒，這些租稅優惠大多要求日本企業採藍色申報書，且核准適用期間需滿足薪資成長及資本投資之最低門檻，建議在日本有營運活動或預計赴日投資之跨國企業，如符合各項資格，持續追蹤相關細節及動態，並諮詢專業且有經驗的稅務顧問。,產經,
72418245268,台中捷運藍線2025將動工！ 沙鹿三大商圈成建商推案戰場,2024-09-23 05:26:00+00:00,宋健生,https://pgw.udn.com.tw/gw/photo.php?u=https://uc.udn.com.tw/photo/2024/09/23/realtime/30590283.jpg&x=0&y=0&sw=0&sh=0&sl=W&fw=800&exp=3600&w=930台中捷運藍線將在明年動工，並力拚10年後完工通車，沿線房市備受矚目。記者宋健生/攝影台中捷運藍線終於迎來大進展，台中市長盧秀燕白宣布將在明年動工，並力拚10年後完工通車，此消息一出，沿線房市也再次成為討論焦點。其中，海線第一大城沙鹿區，商圈、學區等機能完善，又有捷運藍線6個站體匯聚，房市交易火熱，區內三大商圈如家樂福商圈、北勢商圈、沙鹿火車站商圈，更成為品牌建商推案戰場。  捷運藍線為台中第二條捷運，規劃西起台中港，東至新建國市場，沿途行經梧棲區、沙鹿區、龍井區、西屯區、西區、中區和東區等多個行政區，全長約24.8公里，預計興建高架車站8座、地下車站12座，共設有20座車站以及1座機廠。  而為降低台灣大道施工期造成的衝擊，台中市交通局長葉昭甫指出，明年預計先徵收龍井區機廠用地準備開工整地，未來會分區塊、高架段及地下化部分等分別發包及開工，待機廠部分完成後，再拼兩年內主線動工。  對於捷運藍線即將步入實質開發階段，全向科技房產中心總監陳傑鳴指出，捷運藍線不僅是連結台中港與市中心的重要交通樞紐，更是沿線房市的一劑強心針，以捷運綠線為例，通車短短3年便帶動北屯、烏日房價大幅上漲，新案甚至已站上6字頭大關。  預期藍線可為沙鹿、梧棲、龍井這些較偏遠的區域帶來顯著效益，而海線地區中又以人口最多、商業活動最為密集的沙鹿區，推案最為熱絡，目前不少新案都已站上4字頭，房市增長潛力可期。  在地業者表示，沙鹿區內的家樂福商圈、北勢商圈以及沙鹿火車站商圈，都是建商主要佈局熱點。其中，家樂福商圈除了擁有海線唯一一間家樂福外，周邊涵蓋竹林國小、鹿寮國中等明星學區，商業、採買設施相當豐富，同時還有捷運藍線B5站交通機能，最受在地置產族群青睞。  深耕海線多年的品牌建商茂洋建設就鎖定家樂福商圈、捷運藍線B5站首排，推出區域指標個案「茂洋天玥META」，該案近千坪基地坐落於台灣大道、七賢路口，並規劃2至3房、23至35坪產品，全棟3米6挑高且戶戶雙面採光，根據實價登錄顯示，該案今年成交均價為46.15萬元，最高單價達48.9萬元。  富宇建設推出的「富宇云集」，基地位置同樣鄰近捷運藍線B5站，並推出地上12層、地下3層建築，規劃2至3房、22至33坪產品，目前成交均價44.44萬元，最高單價為51.8萬元。  而位於北勢商圈的「龍寶和臻邸」，基地坐落於捷運藍線B8正英站附近，產品規劃37至49坪，共計52戶，該案實登均價為45.01萬元，最高單價為52.1萬元。後續預計還有精銳建設「南斗路新案」將在第4季進場，基地對面即北勢國小，坪數規劃38至44坪，尚未推出便引發市場高度關注。  此外，沙鹿火車站商圈因為生活與交通機能便利，西側又有自辦重劃區開發，近年也吸引眾多建商卡位推案，包括「鴻豫境」、「勝麗交響曲」、「勝興興站」、「和築T1」、「大華鹿鳴」等案，根據實價登錄顯示，成交價格約3至4字頭中段。 ,產經,"['https://pgw.udn.com.tw/gw/photo.php?u=https://uc.udn.com.tw/photo/2024/09/23/realtime/30590284.jpg&x=0&y=0&sw=0&sh=0&sl=W&fw=800&exp=3600&w=800', 'https://pgw.udn.com.tw/gw/photo.php?u=https://uc.udn.com.tw/photo/2024/09/23/realtime/30590286.jpg&x=0&y=0&sw=0&sh=0&sl=W&fw=800&exp=3600&w=800']"
72408245257,邀集四大領域產學專家 全社會防衛韌性委員會26日登場,2024-09-23 05:26:00+00:00,邱琮皓,賴清德總統成立三大委員會，壓軸的全社會防衛韌性委員會將於9月26日登場，委員名單也曝光。除了機關代表，產學界代表將分為四大領域，包括民力訓練暨運用、能源及關鍵基礎設施維運、社福醫療及避難設施整備、以及資通、運輸及金融網絡安全。  與921防災日相互呼應，全社會防衛韌性委員會安排在9月26日召開，以一系列為大規模救災狀況量身打造的演練為委員會暖身，同時透過不同規模、層次與狀況的演練，凸顯全社會防衛韌性委員會要整合產官學界與民間百工百業力量，以強化整體社會韌性的初衷。  據了解，委員名單除了國防部長顧立雄、經濟部長郭智輝、交通部長陳世凱、農業部長陳駿季、衛福部長邱泰源、海委會主委管碧玲等政府機關代表，產學界委員將分為四大領域。  民力訓練暨運用，包括玉山寶光聖堂董事長王寶宗、中華民國全民國防教育協會理事長廖英熙、台灣基督長老教會總會總幹事陳信良、壯闊台灣聯盟創辦人暨理事長吳怡農、台灣數位外交協會理事長郭家佑、台灣民主實驗室、黑熊學院顧問曾柏瑜、世新大學傳播管理學系副教授劉玉晳。  能源及關鍵基礎設施維運，包括政大公行系特聘教授兼創新國際學院院長杜文苓、台大資工系副教授蕭旭君。社福醫療及避難設施整備，包括佛教慈濟慈善事業基金會執行長顏博文、台灣災難醫療隊發展協會榮譽理事長蕭雅文、黑熊民防教育協會理事長劉文。  資通、運輸及金融網絡安全則是趨勢科技台灣暨香港區總經理洪偉淦、Google台灣總經理林雅芳、台灣網路資訊中心董事長黃勝雄、國家太空中心主任吳宗信、台灣駭客協會理事戴辰宇。 ,產經,
72388245206,印太AI治理報告出爐 專家：台灣應爭取國際話語權,2024-09-23 05:26:00+00:00,"
                中央社",美商亞洲集團發布印太地區人工智慧（AI）治理研究報告指出，台灣的AI治理框架屬於「支持創新、規則接受者」。專家分析，台灣若只扮演AI代工角色很可惜，應該思考如何把AI治理經驗輸出國際，爭取AI話語權。 世界各國目前皆在尋求建立AI治理原則，美國僅有AI行政命令和州政府法案，歐盟今年8月生效首部AI法，台灣今年7月15日預告AI基本法草案，若經立法院通過，將成為全球第2部國家級AI法。 策略諮詢公司亞洲集團（The Asia Group）發布的印太地區AI治理研究報告指出，在AI治理態度上，亞洲各國主要分為兩派，其中一個陣營比較看重經濟利益、支持創新，包括新加坡、日本等；另一個陣營更重視國家安全，例如中國、越南等。 報告指出，印太地區AI監管方向分散，不太可能完全比照歐盟的立法模式，因此歐盟在AI治理上的態度，對亞洲各國影響有限。 報告進一步指出，中國正透過聯合國等途徑積極輸出自己的AI治理模式，引起各國關注，美國與中國在AI領域的競爭已不限於科技面，未來在制定AI國際規則上會有越來越多交手。 報告顯示，台灣的AI治理框架屬於「支持創新（pro-innovation）」、「規則接受者（rule-taker）」，台灣是全世界先進半導體製造與生產的最大貢獻者，可自行有效發展及整合AI技術；但在國際上面臨主權議題、遭許多國際機構排除，恐限制台灣參與制定AI國際規則的機會。 美商亞洲集團董事總經理、數位政策共同主席陳澍接受中央社記者採訪表示，台灣在亞太地區比較早提出需要關注AI治理，當時AI還不像現在這麼熱門，等到各國都在討論AI治理的時候，台灣也積極跟上腳步。 陳澍認為，台灣在AI硬體領域有著絕對領先，軟體方面相對落後一些。政府在立法過程中，需要考慮讓台灣AI軟體發展能跟上硬體腳步，不一定只靠監管，也可以提出具有扶持性的政策。 陳澍強調，現在是制定AI遊戲規則的階段，台灣AI基本法做好後，下一步應該思考如何把台灣AI治理經驗輸出國際，可以考慮透過美國及美國盟友如日本，爭取在國際上的AI話語權，「不要搞到這麼大的AI時代，結果還是只能扮演代工角色，那就很可惜了」。 台灣的AI基本法草案一共18條條文，預告期間60天、至9月13日止，施行日期由行政院訂定。條文明定政府應依風險分級，透過標記、揭露、問責等機制，提升應用可信任度，建立應用條件、救濟、 補償等規範，包含外國AI產品落地規範；同時，為保障勞工權益，政府應就AI利用所導致的失業，依其工作能力予以輔導就業。,產經,
72388245195,小鋼胚未再破底 豐興本週廢鋼報價開平盤,2024-09-23 05:26:00+00:00,"
                中央社",中部最大條鋼廠豐興今天公布本週國內鋼筋、廢鋼、型鋼產品盤價止跌平盤。豐興表示，小鋼胚未再破底，國際廢鋼僅小跌，因此以平盤開出。 廢鋼上週每公噸從9600元，下跌300元，每公噸為9300元；鋼筋產品上週從每公噸1.85萬元，下跌400元，每公噸為1.81萬元；型鋼上週每公噸2.57萬元下跌500元，每公噸為2.52萬元。 國際原料行情方面，美國大船廢鋼本週無報價；日本2H廢鋼本週調降，每公噸為320美元；美國貨櫃廢鋼本週也調降，每公噸為315美元；澳洲鐵礦砂由每公噸92.05美元下跌至91美元。,產經,
72408245183,Taiwan+1效應 學者：台灣半導體產值增加市占衰退,2024-09-23 05:26:00+00:00,"
                中央社",https://pgw.udn.com.tw/gw/photo.php?u=https://uc.udn.com.tw/photo/2024/09/23/98/30590197.jpg&x=0&y=0&sw=0&sh=0&sl=W&fw=800&exp=3600&w=930台灣半導體產業享譽全球。聯合報系資料照／記者邱德祥攝影美中兩強持續角力，加上地緣政治風險延燒，台灣半導體產業享譽全球，但也面對國際環境對「Taiwan+1」的要求，期望拓展海外生產基地、分散風險。中經院學者指出，台灣半導體產業產值增加、市占率衰退將是必然影響。 全球供應鏈重組之際，國際大廠考量地緣政治風險及供應鏈韌性，愈來愈多希望台灣能夠響應「台灣+1（Taiwan+1）」的策略，除了台灣之外，也要有另個生產基地。這也是晶圓製造龍頭台積電近年頻頻啟動海外投資計畫，先後赴美國、日本、德國設廠的原因。 中經院今天舉行「地緣政治、政府新政與前瞻科技發展研討會」，探討AI研發與應用、半導體與晶片領域等主題。 中華經濟研究院第二研究所分析師黃仁志指出，目前政府政策相當明確，希望延續台灣在半導體產業的國際競爭優勢，不只五大信賴產業推動方案中，半導體是其中一環，力拚台灣成為全球半導體全供應鏈的主導者，此外，晶創台灣方案也是透過晶片產業的技術優勢，帶動晶片產業與各產業成長，奠定台灣未來發展國力。 近年來，各國政府均體認到，晶片不只是單純產業，更攸關國安，因此積極投入、盼能強化自身產業實力。 黃仁志分析晶片科技競爭的國際趨勢，直言AI廠、晶片廠正彼此靠攏和尋求替代。觀察美國情況，IC設計企業競逐高算力的AI晶片，應用端企業則尋求開發自家晶片。歐洲方面，晶片法尋求提升半導體生產能力。 亞洲方面，黃仁志指出，中國成熟製程產能提升，先進晶片能力仍在努力，韓國著重記憶體晶片加上半導體聚落，日本則以設備材料槓桿製造能力。 儘管台灣半導體產業實力堅強，在全球供應鏈具有相當大的影響力，黃仁志提醒，全球供應鏈重組之際，各國政府不想要過度依賴單一生產基地，因而對生產基地plus 1（+1）的要求愈來愈高，特別是「Taiwan+1」。 黃仁志認為，從大趨勢來看，台灣在優良晶片技術代工下，產值仍會成長，但面對各國大廠持續布局AI晶片製造跟能力，台灣可能面臨全球市占率衰退的狀況，如何鞏固自身優勢將是未來重要課題。 隨著人工智慧（AI）商機大爆發，台灣有半導體產業基礎，具有利基，中經院第二研究所分析師洪尉淳從日本、韓國的發展現況，思考台灣策略可以如何精進，並提醒台灣政策目前多屬大方向指導原則，可以思考是否需要針對特定產業，提出發展路徑。 洪尉淳指出，根據國際調查，目前普遍認為美國、中國在AI發展屬於領先國，日本、韓國、加拿大、英國等都屬於追趕國，這些國家的發展在領先國之後，但在AI領域已經有一定程度或逐漸增強的影響力，在某些特定項目上，處於區域領先、直追全球領先地位。 日本表現較佳項目是基礎建設、應用開發、營運環境、人才，政策投入擴大AI在各行各業的應用，發展策略最重要目標是在「AI制度與安全」取得國際影響力。韓國方面，強項在於基礎建設、應用開發及政府策略，期待在既有的半導體優勢上，強化AI實力。 洪尉淳表示，在AI方面的政府政策，目前多偏向原則性的指導方針，其實日本也是如此，不以明確法律規範，是因爲AI仍在不斷發展，如果法律寫太死，可能不夠有彈性，以指導方針處理的話，比較有彈性。 不過洪尉淳指出，日本對於特定產業明確提出發展路線，台灣是否要針對特定產業提出發展路徑，是可以思考的方向。 ,產經,
72408245217,美律公司治理獲肯定 列 MSCI  ESG A級評等,2024-09-23 05:26:00+00:00,陳昱翔,美律實業永續表現受評比肯定，除獲MSCI ESG A 級評等外，日前亦獲天下永續公民獎大型製造業第20名。美律表示，在公司治理上，美律為公司治理評鑑前5%企業，並持續著眼全球社會需求。  獲得MSCI ESG A級及天下永續公民獎大型企業第20名  美律實業表示，集團以「為健康與永續的生活，創造美好感知體驗」為核心精神，發展永續藍圖，在永續治理上，持續推動永續績效與薪酬連結，從政策制定、目標設定到方案優化，均由高階主管親自帶領；在環境面上，加入科學基礎減碳倡議（SBTi），積極進行範疇三減碳，為客戶提供永續設計解方。  美律補充，今年再度重回天下永續公民獎大型企業前20名，也獲得MSCI　ESG A級肯定，未來將持續以永續領航者的角色，帶動產業永續之輪。  持續洞察社會需求，開發業界首創人因AI系統  美律總裁黃朝豐指出，著眼社會需求，是創新的根本，透過永續實踐，更能貼近全球使用者需求，持續發展更低耗能、高舒適度與環境永續的創新方案，例如：發展業界首創的人因ＡＩ系統；透過員工活動，收集健康受測者步態與肌電數據，以建立各項健康受測者常模等。他認為，放眼未來，美律將用自身經驗，帶領價值鏈為世界帶來更優質且永續的感官體驗。 ,產經,
72408245203,創惟遭駭客攻擊 目前資訊系統陸續恢復中 對營運並無重大影響,2024-09-23 05:26:00+00:00,李孟珊,https://pgw.udn.com.tw/gw/photo.php?u=https://uc.udn.com.tw/photo/2024/09/23/2/30590196.jpg&x=0&y=0&sw=0&sh=0&sl=W&fw=800&exp=3600&w=930IC設計業者創惟遭受駭客攻擊。(路透)IC設計業者創惟（6104）23日公告，公司部份資訊系統遭受駭客攻擊，目前資訊系統陸續恢復中，評估對公司營運並無重大影響。  創惟表示，公司發現網路傳輸異常，部份伺服器遭受駭客攻擊，資安單位立即啟動防禦復原機制，並邀集外部資安公司技術專家協同處理，當前資訊系統陸續恢復中。  針對改善情形及未來因應措施，創惟指出，公司後續仍將持續強化網路與資訊基礎架構的安全管控，以確保資訊安全。 ,產經,
72418245164,打炒房！新竹1500萬房解約3次...關埔也受影響 專家提解方,2024-09-23 05:26:00+00:00,黃羿馨,https://pgw.udn.com.tw/gw/photo.php?u=https://uc.udn.com.tw/photo/2024/09/23/realtime/30589946.jpg&x=0&y=0&sw=0&sh=0&sl=W&fw=800&exp=3600&w=930有房仲業者指出，從限貸令開始時，新竹區就有1500多萬新成屋2房物件，短期內被解約3次，反映房市困境，其中關埔重劃區因高需求、高房價特性，受滿水位限貸影響大。記者黃羿馨／攝影央行提出新信用管制措施，房貸市場目前剩下首購友善。有房仲業者指出，事實上限貸令開始時，新竹區就有1500多萬新成屋2房物件，短期內被解約3次，反映房市困境，其中關埔重劃區因高需求、高房價特性，受滿水位限貸影響大。  9月19日央行提出新信用管制措施，名下有房者第一套購屋無寬限期，第二戶以上自備款成數需拉高。信義房屋光埔特區店經理林詩偉指出，8月房市成交量確實較7月少，受限貸影響，許多房仲同業房屋買賣交易合約會壓上特約，假設貸款成數不足則無條件解約，才會傳出同業房源反覆遭解約的情形發生。  林詩偉說明，新竹地區房市受影響最明顯的區域之一為關埔重劃區，靠近科學園區的地理特性，潛在住戶多為園區工作者，受惠於地理位置之便及生活機能完善等利多，加上未來發展潛力高，房價持續看漲。  林詩偉指出，關埔區新成屋大多總價1房1000萬起、2房2000萬起、3房3000萬起，若物件開價沒有高於行情太多，流通天數通常不超過半個月，且自住需求多、投資型客人相對少，單價8字頭，屬於高總價物件。然而受貸款水位影響，銀行放貸謹慎，客人需提高自備款，許多要購買第二屋的客人房貸卡卡，成為成交量下降關鍵因素。  貸款卡卡，難道無解嗎？林詩偉分享，信義房屋會在交易前協助客戶尋找銀行評估貸款狀況確認可行後，才會進到合約流程，壓特約又解約的機率相對較低，且信義房屋與多家銀行合作密切，透過信義房屋配合指定窗口申辦貸款，核貸機會較高，但實際核貸仍依各行認定及客戶的信用狀況為準。除銀行，目前信義房屋也向壽險公司積極接洽合作方案，為房貸開源另闢路徑。  林詩偉另指出，若民眾有房貸需求，除商業銀行，也可諮詢信用合作社、農漁會、郵局，這些金融機構不受銀行法規影響，目前亦無水位問題，每家機構利率各不同，有可能相對銀行高，另外還有「農業版青安貸款」可考慮。 ,產經,
72398245158,Fed 降息 為什麼美債不漲反跌？ 搶搭降息財先搞懂這個,2024-09-23 05:26:00+00:00,何佩儒,"https://pgw.udn.com.tw/gw/photo.php?u=https://uc.udn.com.tw/photo/2024/09/23/2/30590113.jpg&x=0&y=0&sw=0&sh=0&sl=W&fw=800&exp=3600&w=930美國聯準會9月FOMC會議宣布降息2碼。（路透）



聯邦準備理事會（Fed）18日準備宣布4年多來的首次降息，決策者預計會討論降息幅度。（路透）美國聯準會9月FOMC會議宣布降息2碼，結果不但沒有點燃預期中的美債多頭行情，反而澆熄了原本升溫的美債ETF走勢，盤面上幾檔主要長天期公債ETF接連兩天以下跌作收。  事實上，聯準會公布利率決策會議結果後，美國公債殖利率並未如市場預期的走降，美國10年期公債從3.65%上升9個基點至3.74%，2年期公債則持平於3.60%。雖然聯準會調降兩碼幅度較大，但無論會後聲明或聯準會主席鮑爾的談話，都透露對於美國經濟穩健的信心，本次降息兩碼更像是防範未然、希望先發制人維持就業市場力度的舉措。  凱基美國非投等債（00945B）基金經理人鄭翰紘表示，由於市場先前普遍已調高對聯準會未來一年降息幅度的預期達到接近10碼水準，長天期公債殖利率也提前反應市場的預期而走低，因此在降息實際啟動後，反而出現長期殖利率走高、短期殖利率持平的現象。  這樣的發展為利率環境漸趨正常化的結果，未來預期短期利率仍將跟隨聯準會降息動作走低，但長期利率將呈區間震盪且下降幅度較小，帶動10年期減2年期公債殖利率曲線斜率轉正後恢復趨陡。  有鑑於此，鄭翰紘提醒，現階段過度重押長天期公債期望得到降息帶來的資本利得，反而可能承受利率波動風險，建議應以避險或分散投資組合考量配置中短天期的公司債；債券ETF的選擇仍應回歸債券的本質，也就是把債券當債券買，專注債券的票息收益，因此更偏好投資等級債中較低評級（A-BBB級），以及非投資等級債中的較高評級者（BB-B級），透過利差優勢強化息收效果。",產經,
72408245136,傳台積電商討阿聯建廠 專家：八字沒一撇,2024-09-23 05:26:00+00:00,"
                中央社",https://pgw.udn.com.tw/gw/photo.php?u=https://uc.udn.com.tw/photo/2024/09/23/98/30589929.jpg&x=0&y=0&sw=0&sh=0&sl=W&fw=800&exp=3600&w=930台積電。（路透）「華爾街日報」報導，台積電和三星電子已就在阿拉伯聯合大公國興建巨大廠區進行討論。半導體產業專家表示，台積電應是業務開發人員前往了解潛在新客戶需求，要在阿聯設廠應是「八字沒一撇」。 「華爾街日報」引述消息人士指出，台積電高層近日走訪阿聯，針對建廠事宜進行討論；三星（Samsung）也考慮未來數年在阿聯投入晶片製造。 台積電表示，公司始終以開放的態度歡迎促進半導體產業發展的建設性討論。台積電正專注於現有的全球布局專案，目前並沒有新的海外投資具體計畫。 工研院產科國際所研究總監楊瑞臨說，當有潛在新客戶對晶片有需求，台積電業務開發人員前去了解，是正常的情況。 楊瑞臨表示，隨著台積電擴大全球布局，將分別有台灣、美國、日本及歐洲等地晶圓廠營運接單，台積電應會讓阿聯客戶先衡量自身需求，擇地下單。台積電要在阿聯設廠應是「八字沒一撇」。 台積電目前在美國亞利桑那、日本熊本和德國德勒斯登設廠；亞利桑那州廠預計明年上半年量產4奈米製程，熊本第1座晶圓廠今年第4季量產12奈米、16奈米、22奈米和28奈米製程，德勒斯登廠預計2027年量產。 ,產經,
72398245155,教師退休金規劃 善用美元利變保單,2024-09-23 05:26:00+00:00,陳美君,"https://pgw.udn.com.tw/gw/photo.php?u=https://uc.udn.com.tw/photo/2024/09/23/2/30590094.jpg&x=0&y=0&sw=0&sh=0&sl=W&fw=800&exp=3600&w=930善用美元利率變動型終身保險，提前布局退休規劃。（路透）台灣即將進入超高齡社會，加上少子化衝擊，長壽已不是問題，而是趨勢，退休規劃則是必須面對的課題。根據世界銀行提出的「多層式老年經濟保障模式」，其中主要的三層保障分別為：第一層強制性社會安全制度，例如公教人員保險等公共年金；第二層強制性的員工退休金制度，例如勞退基金新制，以及第三層自願性商業保險等保障模式，以保障老年經濟安全。  近年來教師的退休金制度有所調整，不論適用新制或舊制，若想要在退休後過上安穩生活，勢必得在退休前多做準備。凱基人壽建議可善用美元利率變動型終身保險，提前布局退休規劃以建立完善的風險防護牆，彌補保障缺口，年年安心享受樂退生活。  教師節前夕，凱基人壽提醒想要更加重視自身保障與做好退休金規劃準備的老師們，不妨考慮「凱基人壽金美年年美元利率變動型終身保險－定期給付型」商品，本商品以美元宣告利率為基礎，於符合條件下有機會年年享增值回饋分享金，於本契約有效期間內，每一保單週年日仍生存時，自第一保單週年日(含)起，於每一保單週年日年年領取生存保險金，讓自己退休後有另一筆資金運用，實現人生夢想。另倘若不幸致成二至六級失能，還有豁免保險費機制，無須擔心保費繳費問題，提前透過保險分散風險，保障持續不中斷，並同時做好穩健的退休暨保障規劃。  以40歲金老師(男性)投保「凱基人壽金美年年美元利率變動型終身保險－定期給付型」，繳費年期6年期，保險金額117,719美元，原始年繳保險費為20,000美元，經相關費率折減後，首、續期年繳保險費為19,400美元，假設投保後未來各保單年度宣告利率為3.7%且維持不變，增值回饋分享金第1~6保單年度選擇以繳清保險方式增加保險金額，第7保單年度(含)以後選擇現金給付，自繳費期滿每年領取之生存保險金加計增值回饋分享金約3,800美元，透過定期繳費及早規劃，讓自己享有保障之餘，家人也能獲得安心保障。",產經,
72418245153,全國小宅交易占比逾二成！北市平均三件交易有一件小宅,2024-09-23 05:26:00+00:00,呂俊儀,https://pgw.udn.com.tw/gw/photo.php?u=https://uc.udn.com.tw/photo/2024/09/23/realtime/30589920.jpg&x=0&y=0&sw=0&sh=0&sl=W&fw=800&exp=3600&w=930台灣主要都會區小宅化愈來愈明顯。圖／永慶房產集團提供高房價壓力與家庭型態轉變，台灣主要都會區小宅化愈來愈明顯。永慶房產集團根據實價登錄資料，盤點近一年全國、七都25坪以下的房屋占比已突破二成，其中台北市小宅占比達36%。若細看七都小宅交易最熱絡的行政區排名，桃園市中壢區奪七都之首，而新北市共有5個行政區入榜，小宅買氣旺盛。  從全國與七都25坪以下房屋占總交易件數來看，近一年總交易件數共11萬4318件，其中25坪以下小宅占比為23.9%；仔細分析，七都中，雙北市小宅交易占比超過全國水準，台北市以36.1%居首，新北市以28.2%緊追在後，台中市為22.9%，高雄市為22.4%，台南市為20.1%，桃園市為20.0%，新竹縣市為15.9%。除新竹外，其餘六都小宅占比都突破2成。  台北市近一年25坪以下房屋占比高達36.1%，相當於每三件交易就有一件小宅。永慶房屋研展中心副理陳金萍表示，台北市房價居高不下，使不少購屋族群在預算有限下，選擇坪數較小、總價較低的房屋，房貸負擔也相對輕鬆。此外，台北市也有許多北上就業、就學的族群，擁有龐大的租屋需求，親民實惠的小宅在租賃市場頗受投資、置產族群的喜愛。  若從七都近一年小宅熱門交易行政區來看，中壢區以967件奪七都之冠。陳金萍認為，中壢區有機場捷運、青埔高鐵站、火車站等優勢，加上當地居住人口眾多及工作機會多，房市需求穩定。  而新北市共5個行政區入榜為七都之最。陳金萍分析，新北市與台北市相連，緊密的交通路網更是拉近了兩地距離。近年來新北重劃區議題不斷，其中擁有大面積重劃區的板橋、三重、淡水、新莊等地區，規劃不少小宅產品，加上環狀線等交通機能逐步完備，使新北小宅交易更為熱絡。與台北小宅相比，新北小宅又具備價格相對親民的優勢，磁吸了不少北市剛性需求轉移至新北落地生根，推升房市交易動能。 ,產經,['https://pgw.udn.com.tw/gw/photo.php?u=https://uc.udn.com.tw/photo/2024/09/23/realtime/30589921.jpg&x=0&y=0&sw=0&sh=0&sl=W&fw=800&exp=3600&w=800']
72398245154,北富銀參與危老都更博覽會 提供危老都更信託諮詢,2024-09-23 05:26:00+00:00,陳美君,"https://pgw.udn.com.tw/gw/photo.php?u=https://uc.udn.com.tw/photo/2024/09/23/2/30590093.jpg&x=0&y=0&sw=0&sh=0&sl=W&fw=800&exp=3600&w=930北富銀以多元方式推進危老都更的普及。圖／富邦金控提供台北富邦銀行本月21日、22日與富邦集團成員富邦建築經理公司共同參與「第六屆危老都更博覽會」。此次博覽會，北富銀結合集團資源、安排多位信託專家在現場提供全方位的危老都更諮詢服務，包括土地與營建資金信託、營建融資規劃，及建經都更代理實施與全案管理等，且今年特別邀請專業估價師分享最複雜的「權利變換」都更議題，透過拆解權利價值變動公式、比較協議合建及權利變換分配的差異，使民眾了解自己的房地產參與都更時應如何評估與決策。  北富銀以多元方式推進危老都更的普及，積極落實永續發展目標SDGs 11「建構具包容、安全、韌性及永續特質的城市與鄉村」。  鑒於危老重建與都市更新有助於提升建築安全、改善居住品質、增加房屋價值，以及推動社區發展，北富銀連續二年參與「危老都更博覽會」，發揮金融專業協助民眾瞭解危老都更觀念與實務，響應政府重點政策。今年北富銀攤位吸引更多人潮駐足，除了熱烈參與都更講座、趣味互動打卡及有獎徵答活動，民眾諮詢意願也提高了，其中多數民眾更想更深入瞭解參與危老都更之條件、程序等，以充實自身資訊。  北富銀表示，近年危老重建及都市更新業務有二大趨勢，一為與永續深度結合，包括鼓勵使用環保建材、節能設備，以及推動可持續建築設計；另一為靈活運用信託機制解決危老都更複雜的產權問題。北富銀指出，信託可讓地主或建商將土地及興建資金交付給受託銀行，並依照信託契約進行控管，增加地主與建商的互信，亦能提高開發案的穩定性。此外，信託也具備資產隔離及專款專用的功能，可降低因糾紛造成的工程停滯風險。完善的信託機制帶動危老都更業務穩定成長，北富銀統計自2010年起至今年7月，累計洽辦144件危老重建及都市更新案，累計規劃融資額度超過新台幣1,478億元。  北富銀在危老都更擁有豐富的實戰經驗，早在2010年便成功協助土城金城路社區331震災戶自主更新案，成為台灣第一家協助住戶自辦都更並順利完工的金融機構。此後，北富銀陸續完成台北市士林、南港、內湖、北投等多處都更案，成為市場上辦理危老都更的先驅。富邦建經公司則致力推動都更代理實施或全案管理服務，今年已完成士林區中山北路七段都更案，統合多戶地主、獲得100%同意，並預計2025年Q3向主管機關報核。  未來，北富銀將秉持「誠信、親切、專業、創新」精神，攜手富邦建經公司，持續與多元管道合作，分享並推廣危老重建、都市更新、融資規劃及信託的寶貴經驗，幫助更多有需要的民眾，為永續金融貢獻力量。",產經,
Source_id,Title,Time,Author,Content,categories,Other_picture
4810131,華爾街喊「不要與聯準會鬥爭、放空」！花旗點名7檔降息潛力股,2024-09-25 03:32:00+00:00,核稿編輯高佳菁,https://img.ltn.com.tw/Upload/business/page/800/2024/09/25/phpq8ieY3.jpg華爾街喊「不要與聯準會鬥爭、別放空」！（路透）高佳菁／核稿編輯 〔財經頻道／綜合報導〕聯準會啟動降息，且大規模降2碼，標誌著市場轉向保持經濟增長，這讓市場感到意外，而此舉促使華爾街巨頭巴克萊銀行和花旗對全球週期性股票採取更為樂觀的立場，花旗欽點ASM、西門子等7檔降息潛力股。 CNBC報導，巴克萊在給客戶1份題為“不要與聯會作鬥爭，不要做空週期性股票”的報告中表示，週期性股票通常對利率和經濟增長敏感，隨著金融狀況的緩解，和經濟的擴張而上漲。 巴克萊股票策略師 Emmanuel Cau認為，聯準會的行動顯然是為了全力以赴實現經濟軟著陸，巴克萊表示，時間會證明一切，但隨著數據的持續增長，軟著陸仍在軌道上。 巴克萊策略師指出，週期性股票通常在聯準會開始降息週期後穩步反彈，只要它沒有隨之而來的經濟衰退。花旗策略師對歐洲股市的前景持相似的看法。 另由Beata Manthey領導的花旗策略師表示，除了聯準會降息和軟著陸的希望外，這表明我們可能正在接近開始平均化部分超賣週期性股票的正確時機。 花旗策略師們表示，他們衡量市場趨勢的專有指標盈利修正指數（Earnings Revisions Index），正在閃爍“極端”讀數，這在歷史上一直是1個逆向指標，並且通常在接下來的 12 個月週期性股票跑贏大盤之前。 花旗策略師表示，最近降息的規模變得如此極端，以至於我們現在正在接近一個點，負ERI可能是一個有用的逆向指標。 花旗銀行篩選了自今年上半年以來遠期估值比率下降的買入評級股票，包ASM、西門子、賽峰集團、BBVA、ING、Holcim、阿特拉斯·科普柯等7檔個股。 「不要與聯準會作鬥爭」的概念，是華爾街一句由來已久的格言，建議投資者將其策略與央行政策保持一致。,"['財經', '國際財經']",
4810356,焦點股》晟銘電：AI族群向上 直攻漲停,2024-09-25 03:25:00+00:00,記者歐宇祥,https://img.ltn.com.tw/Upload/business/page/800/2024/09/25/4810356_1.jpg晟銘電今股價亮燈漲停。（資料照）〔記者歐宇祥／台北報導〕今日台積電（2330）帶動加權指數大漲，AI族群股價向上，伺服器機殼廠晟銘電（3013）今日股價反攻，開高走高直攻漲停價141.5元，上漲12.5元或9.69%，成交量4.4萬張，站上新天價。截至11時15分，漲停委買張數近1.4萬張。 近日晟銘電股價表現強勁，從該公司有擔保轉換公司債（CB4）18日申報生效至今已漲逾3成，不過也成當沖熱門標的，從19日起每日的當沖成交量都破萬張，昨日當沖成交張數破5萬張、佔比高達73%，應留意後續股價波動。 晟銘電今年營運隨AI伺服器需求持續成長，前8月累計營收創歷年同期新高，法人預估，因通吃機殼、水冷機櫃商機，晟銘電下半年將維持成長；昨日外資買超1828張，三大法人合計買超1884張。 ,"['財經', '證券產業']",
4810352,高雄航太產值佔全台3分之1  全台唯一航太認證NADCAP培訓登場,2024-09-25 03:23:00+00:00,記者葛祐豪,https://img.ltn.com.tw/Upload/business/page/800/2024/09/25/4810352_1.jpg高市府舉辦全台唯一的「2024航太NADCAP熱處理高溫量測進階認證培訓課程」。（高雄市經發局提供）〔記者葛祐豪／高雄報導〕高雄航太產值佔全台3分之1，市府為協助在地航太業者，提升國際供應鏈位階，爭取波音、空巴、GE、勞斯萊斯等國際客戶訂單，今天（25日）起到27日舉辦全台唯一的「2024航太NADCAP熱處理高溫量測進階認證培訓課程」，特別針對以引擎發動機、起落架、機身結構等零組件為主要產品的高雄航太業者，量身打造開設。 高市經發局長廖泰翔表示，國內航太產值2023年約為1336億元，高雄作為台灣航太產業的重鎮，目前共有22家航太廠商，主要分布在岡山、路竹及仁武，2023年產值近400億元，約佔全台3分之1，顯示高雄航太產業對於全國航太產值貢獻的重要。 廖泰翔強調，市府積極推動航太產業發展，協助廠商取得NADCAP認證，並配合仁武產業園區、橋頭科學園區的開發，致力於將高雄打造成為全球航太產業的重要供應基地。 經發局說明，NADCAP全名「National Aerospace and Defense Contractors Accreditation Program」，是由美國航空業巨頭與美國國防部等機構發起的專業認證，並組成美國航太品質評審協會（PRI），針對航太工業的特殊產品和製程進行認證，對國際航空大廠而言，供應商必須通過NADCAP認證，才能打入供應鏈。 課程邀請到PRI首席稽核員Lum Chee-Soon，進行NADCAP熱處理高溫量測進階認證培訓現場授課，吸引漢翔、駐龍、朝宇、長亨、晟田等5家在地航太廠商，及豐達、寶一、台灣穗高、富成金屬、元生、榮剛等6家來自全台的航太業者參與，甚至有非航太業者也報名參加。 台灣航空業龍頭的漢翔公司品保處副處長王正翔說，公司參與NADCAP認證已有20餘年，HT（熱處理）、NDT（非破壞檢測）、CP（化學製程）是航太業者必備的NADCAP認證項目，熱處理高溫量測進階認證並於2023年大改版，目前全球進入國際旅遊爆發時期，台灣航空產業已逐漸恢復至疫情前水準。,"['財經', '財經政策']",
4810341,中國餐飲業曝慘狀 11月以後恐再迎倒閉潮,2024-09-25 03:19:00+00:00,編譯盧永山,https://img.ltn.com.tw/Upload/business/page/800/2024/09/25/4810341_1.jpg中國經濟低迷，民眾消費降級，連原本期待的暑假旺季也不旺。有資深業界資士預測，11月以後中國餐飲業可能再迎來倒閉潮。（美聯社）〔編譯盧永山／綜合報導〕中國經濟低迷，民眾消費降級，連餐飲業原本期待的暑假旺季也不旺。有中國餐飲業者感嘆，從事餐飲業17年，從來沒如此焦慮過，進入9月，每天的營業收入僅200至300元人民幣（下同），宛如進入12月寒冬。有資深業界資士預測，11月以後中國餐飲業可能再迎來倒閉潮。 根據中國網媒《紅餐網》 9月19日報導，史上「最慘淡」的暑假旺季剛結束，餐飲人又迎來「黑色9月」，很多門市的生意出現了斷崖式下跌。 報導指出，在廣州永慶坊經營牛雜咖啡店「cowcow其其」的創辦人Vincent表示，暑假結束後門市生意一落千丈，營業額只有暑假的50%左右。 在鄭州某商場經營麵館生意的李彬（化名）透露：「暑假期間每天還能賣1000多元，進入9月，每天只能賣200、300元，直接掉進『冰窟窿』。」 去年11月，小米（化名）在河南新鄉大學城附近經營一家45平方公尺（13.6坪）的酸辣粉小店，但9月開學以後，小店平日營業額大多在400元上下，只有週末才勉強突破600元，與上半年相比，營業額下降了2至3成。 在廣州大學城附近的GoGo新天地、貝崗商業街發現，一些單價相對更高的正餐、火鍋店，生意更慘淡；位於GoGo新天地2、3樓的淼福豬肚雞、竹湘園湘菜館等，用餐顧客僅個位數。 餐飲業資深觀察家杰哥表示，暑假是傳統的消費旺季，按理說生意應比5、6月至少增加2至3成，但杭州、北京、陝西等地，一些連鎖快餐品牌的營業額比去年8月普遍下降了2至3成。 一位在北京郊區開重慶小麵館的老板表示，今年暑假生意大幅下滑，8月的收入僅有8萬元出頭，與去年同期相比，跌幅超過了55%。 對於接下來的「十一黃金週」（中國國慶連假），很多餐飲人並不樂觀，甚至一些撐不住的業者已經提前離場。 報導指出，今年暑假尚未結束，在重慶旅遊地標鵝嶺二廠文創產業園區內開川菜小館的小柯（化名），就明顯感受到了壓力，營業額下降，每天只接待幾桌客人，每日收入僅幾百元，年跌40%，進入9月後，隨著遊客減少，園區內的餐飲生意更加冷清。小柯已經決定在「十一」前關店，不再續約承租。 杰哥預測，餐飲業倒閉潮可能在這個9月來臨，不然就在「十一」后開始，如果「十一」期間營業額依然低迷，許多餐飲人或許就沒有了繼續堅持下去的理由。 公開數據顯示，今年上半年中國有近106萬家餐廳倒閉，如果下半年剎不住車，到年底的總倒閉餐廳數量，可能超過200萬家。,"['財經', '國際財經']",
4810129,看好中國提振經濟 ! 鐵礦砂價格重回每噸99美元上方,2024-09-25 03:18:00+00:00,核稿編輯歐祥義,https://img.ltn.com.tw/Upload/business/page/800/2024/09/25/phpSveMMI.jpg中國推出振興房地產市場措施，激勵鐵礦石和銅價格強勁上漲。（路透）歐祥義／核稿編輯 〔財經頻道／綜合報導〕鐵礦石是今年表現最差的大宗商品之一，因中國經濟放緩損害了需求，鐵礦石近日曾跌至每噸95.40美元、即10個月低點。《彭博》指出，北京昨（24日）宣布採取一系列措施期望刺激經濟，有利振興房地產，帶動鐵礦石連續第二天強勁上漲，價格重回每噸99美元上方。 《彭博》指出，鐵礦石與中國房地產市場密切關聯，為主要煉鋼原料，昨日該煉鋼原料較週一收盤上漲約9%，回到每噸99美元上方。市場預計，鋼鐵原料報價的反彈，增加了鐵礦砂價格可能回升至3位數的可能性，倫敦銅、鋁和鋅均上漲，礦業股也強勁上漲。 報導指出，中國是海運鐵礦砂最大的消費國，其進口量約達鐵礦砂國際貿易約65%市占率，其表現會為全球市場定下基調。受中國經濟疲軟影響，鐵礦砂是今年大宗商品中跌幅最大的商品之一，基準價格下跌約三分之一。 ,"['財經', '國際財經']",
4810329,台綜院：AI帶動產業景氣熱絡 全球用電創2年來高峰,2024-09-25 03:16:00+00:00,核稿編輯林浥樺,https://img.ltn.com.tw/Upload/business/page/800/2024/09/25/php5IN6Xt.jpg台灣產業電力景氣燈號連續4個月呈揚升的黃紅燈。（資料照）林浥樺／核稿編輯 〔財經頻道／綜合報導〕台灣綜合研究院今（25）日發佈2024年8月份台灣EPI電力景氣指數，受到國內AI（人工智慧）相關產業發展暢旺，國內景氣持續增溫，全國產業用電需求攀升，用電量達到2年來高峰，全國產業高壓以上用電量較去年同期成長2.48％，整體產業電力景氣燈號連續4個月呈現揚升的黃紅燈。 美國聯準會（Fed）宣佈9月降息2碼（0.5個百分點），正式啟動新1波降息週期，全球經濟成長面臨趨緩風險，但新興市場仍以穩定速度成長。國內經濟在人工智慧、高效能運算等新興科技應用需求帶動下，相關供應鏈需求強勁，加上第3季進入電子業旺季，且傳統產業景氣持續回溫，整體產業景氣呈穩定復甦態勢。 8月份全國產業用電因產業景氣熱絡，用電量持續攀升成長，且外銷訂單連續6個月正成長，國內景氣展望樂觀看待，台綜院院預測，2024年8月份經濟成長率為3.5％。 綜觀來看，AI驅動半導體產業進入強勁的復甦循環週期，並引領產業供應鏈持續重組，帶動國內半導體設備擴充成長，相關傳統產業也雨露均霑。半導體業及電腦、電子及光學製品業因AI浪潮與旺季來臨而方興未艾，產業用電量均再創下新高點。歸結國內產業發展情勢持續樂觀正面看待，後續仍需審慎關注各國利率政策走向對國內產業影響力道。,"['財經', '證券產業']",
4810333,佳必琪CB競拍底價102元 AI業務帶旺全年,2024-09-25 03:15:00+00:00,記者方韋傑,https://img.ltn.com.tw/Upload/business/page/800/2024/09/25/4810333_1.jpg佳必琪看好受惠於電子產業旺季，加上AI伺服器業務持續成長，下半年業績可望顯著優於上半年表現。（記者方韋傑攝）〔記者方韋傑／台北報導〕連接器大廠佳必琪（6197）今天宣布，旗下無擔保可轉換公司債自本月25日起至27日下午2時，以102元的底價受理競拍，營運團隊看好受惠於電子產業旺季，加上AI伺服器業務持續成長，下半年業績可望顯著優於上半年表現，帶動全年營收再戰歷史巔峰。 佳必琪指出，本次辦理無擔保國內可轉換公司債公開承銷，採取公開競價拍賣方式，依投標價格高者優先得標，每一得標人應依其得標價格認購，預計對外發行 1萬張，募集金額逾10億元，預計資金將用於投入新產品開發、研發人才、設備暨軟體，並擴充海外子公司北越廠的機器設備、擴大產能，以及償還銀行借款。 佳必琪提到，旗下現正生產各領域採用的連接器及線束，業務範疇包含伺服器、資料中心、車用、工業及消費等領域，第2季財報在 AI 應用佔比拉高下，除了單季毛利率拉高35.4%，營益率、獲利也都達到高峰表現，下半年表現還有機會優於上半年，只要台幣貶勢不明顯反轉，合併毛利率不排除得以繼續走揚。 佳必琪主要連接器介面規格包含 Multi-Trak、MCIO、PCIE、M.2 等種類，且連接線規格包括AI伺服器所需的直連電纜（DAC）、主動式光纜（AOC ），現於台灣、越南、中國皆有生產基地，終端客戶包含歐美地區知名雲端服務供應商（CSP）與大型企業，且目前已成功打入輝達（NVIDIA）GB200 供應鏈。,"['財經', '證券產業']",
4810328,政府不只關心高科技 卓揆：明年編116億元 助中小微企業多元振興,2024-09-25 03:15:00+00:00,記者林菁樺,https://img.ltn.com.tw/Upload/business/page/800/2024/09/25/4810328_1.jpg工業區廠商聯合總會今天召開理監事會議，行政院院長卓榮泰出席。（記者林菁樺攝）〔記者林菁樺／台北報導〕行政院長卓榮泰今天（25日）出席工業區廠商聯合總會理監事會議，強調中小微企業是台灣最穩定的力量，政府不會只關心高科技尖端產業，明年度已編列116億元協助中小微產業多元振興，進行智慧化、低碳化雙軸轉型。 卓榮泰致詞提到，台灣是製造大國，軟體應用持續發展，但若不能導入產業使用，就只是在幫外國人進步，他說，「台灣的經濟體質一直不錯」，但集中在高科技產業，光有科技也不行，勞力補充是政府要協助廠商解決的問題，盼明年初廠商可以取得充沛的人力。 卓榮泰表示，政府已針對中小微企業多元振興方案，明年度編列預算116億元，包括AI、淨零等，進行雙軸轉型，經濟部也準備訓練人才，未來會培訓20萬AI人才，不能造成大家負擔，政府全力協助產業，與世界尖端潮流接軌。 勞動部長何佩珊致詞提到，關於最低工資調漲與缺工等議題。她說，最低工資又漲了，對於中小為企業會有一定衝擊，勞動部、經濟部會一起提出相對應的升級轉型方案，調漲基本工資是要讓大家都有好處，不會讓中小為企業造成負擔。 卓榮泰也說，對於基本工資審議，他只希望兩個目標，達到勞資和諧、對產業衝擊降到最小，希望經濟果實全民共享、勞工為產業盡心盡力，達到總統賴清德所期待的均衡台灣。 何佩珊也提到，明白「大家為缺工所苦」，勞動部責任是幫大家解決問題，最近的跨國勞動力審議委員會已經放寬個別廠商申請的天花板，還會繼續努力，至於移工留才久用政策，主要針對留用中階技術人員，加上家庭雇用等，約有2.2萬人，為了進一步解決缺工問題，也希望可以留下國內僑外生5.5萬人，但也必須創造可留下的環境條件。,"['財經', '財經政策']",
4810260,「股神」想清倉？波克夏再賣美銀 持股比例接近監管門檻,2024-09-25 03:03:00+00:00,核稿編輯林浥樺,https://img.ltn.com.tw/Upload/business/page/800/2024/09/25/phpEWcIQz.jpg股神巴菲特自7月起開始大賣美銀。（美聯社）林浥樺／核稿編輯 〔財經頻道／綜合報導〕「股神」巴菲特（Warren Buffett）旗下投資公司波克夏海瑟威（Berkshire Hathaway），近來頻頻出售美國銀行（Bank of America，簡稱美銀）股票。最新報導指出，波克夏海瑟威在9月20日至24日的這段期間，連續3個交易日賣出美銀股票，合計2156.1萬股，套現約8.63億美元，持股比例降至10.5%，逼近10%的監管門檻，若波克夏未來持股比例跌破10%，那就不需在幾天內對外披露交易情況。 《彭博》報導，巴菲特從7月中旬以來，不斷賣出美銀股票，但歷經數個月後，以週二（24日）收盤價換算，波克夏在美國銀行的剩餘股份價值仍高達321億美元，穩居第一大股東地位。 波克夏自2011年來首次投資美銀所累計的多年股利，以及從7月中旬以來的賣股收益，已經超過了波克夏投資美銀所花費的總成本146億美元。換句話說，巴菲特目前在美銀的投資早就回本，剩餘的美銀股份都是「純利潤」。,"['財經', '國際財經']",
4810255,全球僅3人！札克伯格躋身2千億美元俱樂部,2024-09-25 03:01:00+00:00,核稿編輯高佳菁,https://img.ltn.com.tw/Upload/business/page/800/2024/09/25/php10UrVY.jpgMeta執行長札克伯格（Mark Zuckerberg）。（彭博資料照）高佳菁／核稿編輯 〔財經頻道／綜合報導〕Meta股價狂飆帶動下，Meta執行長札克伯格（Mark Zuckerberg）的淨資產在今年以前所未見的速度成長，本週達到2000億美元（約新台幣6.37兆元）大關，為全球第3大富豪。 綜合外媒報導，根據彭博億萬富豪指數（Bloomberg Billionaires Index），全球目前共有18人淨資產達到千億美元以上，其中僅3人名列2千億美元俱樂部之中，分別為特斯拉（Tesla）執行長馬斯克（Elon Musk）、亞馬遜（Amazon）創辦人貝佐斯（Jeff Bezos）以及Meta執行長札克伯格。 札克伯格的財富在今年快速成長，Meta股價從1月以來飆升逾60％，站上每股560美元大關，推動札克伯格淨資產年初至今大增718億美元（約新台幣2.29兆元），成為全球財富成長最多的富豪。 貝佐斯今年重返2千億美元俱樂部，今年至今淨資產增加393億美元（約新台幣1.25兆元），達到2160億美元（約新台幣6.88兆元）。亞馬遜股價今年漲近30％，交易價格超過每股190美元，接近歷史高點。 全球首富馬斯克年初財富為2290億美元（約新台幣7.3兆元），至今成長389億美元（約新台幣1.24兆元），來到2680億美元（約新台幣8.54兆元）。 曾登上全球首富寶座的路易威登集團（LVMH）執行長阿爾諾（Bernard Arnault），在奢侈品需求持續惡化的影響下，跌出2千億美元俱樂部，今年至今身家蒸發242億美元（約新台幣7717.3億元），淨資產來到1830億美元（約新台幣5.83兆元）。 20年前創立臉書（Facebook）的札克伯格薪水只有象徵性的1美元，但透過「其他薪水」和手中大量的Meta股份彌補了這一點。根據Meta 4月的股東委託書，札克伯格是臉書母公司最大股東，持股3.455億股，除此之外，札克伯格今年還獲得了2440萬美元（約新台幣7.78億元）的「其他報酬」。 旗下擁有臉書Instagram、Threads和WhatsApp的Meta，今年表現相當出色，札克伯格將此歸功於公司對AI（人工智慧）的關注。札克伯格在7月的財報表示，到今年底，Meta AI預計將成為全球使用最廣泛的AI助理。,"['財經', '國際財經']",
4810311,台積電CoWoS擴產以嘉義為主  將增加用地,2024-09-25 02:59:00+00:00,記者洪友芳,https://img.ltn.com.tw/Upload/business/page/800/2024/09/25/phpihKSBD.jpg未來嘉義園區將是台積電先進封裝的生產重鎮，中央部會將再擴編用地，滿足台積電需求。（資料照）〔記者洪友芳／新竹報導〕晶圓代工龍頭廠台積電（2330）因應AI晶片強勁需求， 正積極擴充先進封裝CoWoS產能，投資擴產從既有北中南科學園區延伸到嘉義園區，據了解，未來嘉義園區將是台積電先進封裝的生產重鎮，中央部會將再擴編用地，滿足台積電需求，屏東還不是台積電敲定要去投資設廠之地。 針對投資設廠，台積電今回應，設廠地點選擇有諸多考量因素，台積電以台灣作為主要基地，不排除任何可能性。公司持續與科學園區管理局合作評估在適合半導體建廠之用地，一切資訊以公司對外公告為主。 台積電目前設立封測廠龍潭、竹科、竹南、南科、中科，新增的嘉義園區正在建廠中，占地約20公頃將蓋兩座廠，其中，第一座廠規畫面積約12公頃，預計2026年底完工，但5月底在地質鑽探作業時疑似發現遺跡，經嘉義縣文資委員會審議開挖保存，台積電委託考古廠商挖掘，並先建第二座廠。 因應AI晶片強勁需求，台積電持續擴充先進製程，先進封裝也跟著同步需求增加，據了解，未來嘉義園區將是台積電先進封裝的生產重鎮，國科會等中央部會將再擴編用地，以滿足台積電投資先進封裝建廠需求，屏東還不是台積電要去投資設廠之地，只能說，未來若有用地需求，進一步評估可能性高，一切取決中央與地方配套建設。 台積電目前持續擴充CoWoS先進封裝產能，自家產能今年預計倍增，明年也將較今年倍增，並與專業封測廠合作，以滿足客戶需求。台積電在先進封裝相關技術整合為「3DFabric」平台，包括整合晶片系統（SoIC）、整合型扇出（InFO）及CoWoS系列家族。,"['財經', '證券產業']",
4810123,小摩獨排眾議！認高通併英特爾如吃「大補丸」衝擊台積電、三星,2024-09-25 02:42:00+00:00,核稿編輯高佳菁,https://img.ltn.com.tw/Upload/business/page/800/2024/09/25/php3krqny.jpg日前高通（Qualcomm）傳出有意併購英特爾（Intel）。（彭博資料照）高佳菁／核稿編輯 〔財經頻道／綜合報導〕日前高通（Qualcomm）傳出有意併購英特爾（Intel），可能成為科技業有史以來最大的併購案之一，儘管市場多半認為可行性不高，但據摩根大通（JPMorgan Chase）認為，一旦交易完成，將締造1個囊括客戶端運算、汽車晶片與資料中心CPU領域的新霸主，但同時也將對亞洲供應鏈產生衝擊，對台積電來說是利空消息，並對三星（Samsing）造成重大打擊。 《華爾街見聞》報導，摩根大通分析師Gokul Hariharan AC、Robert Hsu、Lakshya Jain在週一（23日）的報告中指出，目前高通是行動運算領域的市場領導者，而英特爾則在PC與伺服器CPU市場居於主導地位。 如果高通與英特爾合併，將變成1個在PC CPU、智慧手機系統晶片與資料中心CPU市場均擁有最高市占率的巨擘，並能憑藉持有的Mobileye多數股權，在先進駕駛輔助系統（ADAS）與自動駕駛技術領域站穩強勢地位。 摩根大通認為，這樣的合併將使高通在亞洲半導體供應鏈中擁有更高的議價能力，市場可能將此視為對亞洲科技產業鏈的「威脅」，尤其是在高通的ARM架構未能衝擊PC市場的背景下，此併購將有助高通在PC CPU市場中取得領先優勢。 雖分析師表示，如果高通併購英特爾，對其代工廠的影響仍不明確，但一直以來，高通都是家無晶圓廠企業，而經營1家先進代工廠可能需要龐大的資本支出。 因此分析表示，若高通將英特爾代工廠剝離為獨立實體，同時確保大量訂單，恐將不利於台積電。 分析報告中還指出，對三星而言，高通併購英特爾帶來的風險可能更為嚴重。由於高通一直是三星新工藝製程的主要客戶，如果高通未來將晶圓代工訂單分配給英特爾代工廠與台積電，將對三星的代工目標市場造成重大打擊。,"['財經', '國際財經']",
4810145,成功人士建立人際關係第1件事 專家：2訣竅建立自我意識,2024-09-25 02:40:00+00:00,核稿編輯高佳菁,https://img.ltn.com.tw/Upload/business/page/800/2024/09/25/phpkups0l.jpg成功人士建立人際關係第1件事建立自我意識（歐新社）高佳菁／核稿編輯 〔財經頻道／綜合報導〕無論是在工作場所或個人生活中，建立人際關係都可能很困難，但有些人就是有這方面的訣竅，專家表示，成功人士建立人際關係第1件事就是建立自我意識，透過識別與他人互動的模式和觀察周遭的其他關係，則是建立自我意識的訣。 CNBC報導，生活教練弗朗西斯卡·霍吉 （Francesca Hogi）表示，非常成功的人建立人際關係的方式，實際上並不是把人際關係視為理所當然，他們努力提升溝通技巧，尊重他人的界限，並且清楚自己的界限。 霍吉指出，成功人士做的另一件事，是對他們如何與他人互動建立自我意識。我認為這是對關係進行審核。 霍吉進一步指出，獲得自我意識的一種方法，是識別與他人互動的模式。問問自己，我在人際關係中的優勢是什麼，我可以在哪些方面做得更好？ 舉例，有些人非常擅長充當參謀，但也許他們不擅長表現出脆弱和讓自己被別人看到；有些人可以很快地與人親近，但當遇到障礙時就會將他們推開。 霍吉建議，誠實地審視你在人際關係中如何處理自己，並記下你容易做什麼。 而要更了解你如何與人相處的另一種方法，是觀察周遭的其他關係。 霍吉說，你可以看看生活中的其他人，這可以幫助你提供一些信息，如「他們不耐煩嗎？他們是否全神貫注於對面的人？然後問自己，我的版本是什麼？」 最終，盤點你的人際關係的目的是看看你可以如何改進。 霍吉說，建立牢固的關係來自於一系列“你可以培養的技能”，“但首先必須認識到這些技能是技能，並認識到它們還有成長的空間。請記住，當您這樣做時，不要對自己太苛刻。霍吉說，沒有人的行為是完美的。,"['財經', '國際財經']",
4810195,養不起！芬蘭動物園提前8年歸還2隻大貓熊,2024-09-25 02:29:00+00:00,核稿編輯高佳菁,https://img.ltn.com.tw/Upload/business/page/800/2024/09/25/phpc2madd.jpg因無法再負擔大貓熊高昂的養護費用，芬蘭艾赫泰里動物園將於今年11月把「華豹」與「金寶寶」2隻旅居芬蘭的大貓熊提前歸還中國。（歐新社）高佳菁／核稿編輯 〔財經頻道／綜合報導〕外媒報導，芬蘭艾赫泰里動物園（Ahtari zoo）因無法再負擔大貓熊高昂的養護費用，將於今年11月、提前8年把2隻旅居芬蘭的大貓熊歸還中國。 綜合媒體報導，貓熊被中國封為國寶動物，中國政府也常把貓熊作為「外交禮物」提供租借或送給他國，藉此提升國家特色且建立國際友誼。 中國與芬蘭在2017年4月簽署為期15年的大貓熊保護研究相關文件，2018年1月將大貓熊「華豹」與「金寶寶」送到芬蘭艾赫泰里動物園，盼能吸引遊客前來觀賞。 但未料不久後就碰到武漢肺炎疫情爆發，旅行受限制，遊客不來，艾赫泰里動物園因為收入短缺以及龐大的飼養成本導致債台高築。儘管艾赫泰里動物園曾獲得芬蘭政府近20萬歐元（約新台幣713萬元）的一次性補助，但仍然不堪負荷，也讓園方萌生將貓熊提前送回中國的想法。 最新進展，中國野生動物保護協會本月24日於微信公眾號宣布，經中芬雙方友好協商，從優先保障大貓熊健康和福祉的角度出發，共同決定在今年內提前將「華豹」、「金寶寶」2隻旅居貓熊送返中國。 艾赫泰里動物園主席西沃寧（Risto Sivonen）表示，2隻大貓熊將很快接受為期1個月的隔離檢疫期，預計將於11月返回中國。 對此，芬蘭外交部發言人回應表示，歸還大貓熊是動物園的商業決定，不涉及芬蘭政府，不應影響兩國關係。  ,"['財經', '國際財經']",
4810246,焦點股》鴻海：全新MODEL D發布倒數 股價先行,2024-09-25 02:10:00+00:00,記者方韋傑,https://img.ltn.com.tw/Upload/business/page/800/2024/09/25/4810246_1.jpg鴻海昨天表示，集團即將於今年科技日活動釋出電動原型車MODEL D。（鴻海提供）〔記者方韋傑／台北報導〕鴻海（2317）10月8日科技日活動現已進入揭開序幕的倒數階段，該集團除了AI伺服器持續貢獻，管理層昨日更進一步預告旗下即將發表電動原型車MODEL D，帶動股價今日早盤站回190元大關，截至上午9時57分暫報189.5元，漲幅暫報3.55%，成交量逾7萬張。 鴻海昨天表示，集團即將於今年科技日活動釋出的電動原型車MODEL D ，攜手義大利頂尖設計汽車設計商Pininfarina合作，該公司專注於將美學與技術融合，進行客製化製造專案，為法拉利、瑪莎拉蒂、賓士AMG等品牌創造經典之作。 鴻海指出，集團科技日自2020年開始舉辦，迄今邁入第5年，去年將3+3發展策略融入智慧製造、智慧電動車、智慧城市3大智慧平台，今年將著重於AI應用的導入，以及釋出全新的智慧電動車解決方案，旗下研究院也預計透過前瞻性論壇，向外界分享鴻海的成功經驗。 ,"['財經', '證券產業']",
4810144,製造業難融入 ?美媒指高通併英特爾風險大,2024-09-25 02:04:00+00:00,核稿編輯歐祥義,https://img.ltn.com.tw/Upload/business/page/800/2024/09/25/phpgE7La5.jpg外媒指出，市場專家們似乎對高通想收購英特爾一事持高度懷疑的態度。（彭博）歐祥義／核稿編輯 〔財經頻道／綜合報導〕高通（Qualcomm）有意收購英特爾的傳聞，仍在市場持續發酵中，市場專家們似乎對高通交易的進行持極度懷疑的態度。對此，伯恩斯坦的晶片分析師團隊毫不拐彎抹角地說，「希望高通不要這麼做，考慮到回報的不確定性，這樣的策略似乎風險很大」。 《Business Insider》指出，英特爾有設計和製造兩大業務，但高通也只會設計晶片，因此英特爾的製造業務如何融入高通是這樁交易的另一個實際障礙。除非高通在收購英特爾之後，出售製造業務給另一個買家，但問題是「英特爾的製造業務幾乎沒有客戶，甚至技術落後於台積電」。 晶片分析團隊表示，早年英特爾能同時做到晶片設計和製造這兩件事情，但現在晶片公司通常只專注其中之一，就如輝達（NVIDIA）設計晶片，然後委託台積電等少數製造商生產。因此，英特爾兩者兼具下，實際上對營運是造成了傷害。 該團隊認為，台積電（TSMC）專注於製造，這有助於非常擅長極其複雜的工藝。台積電與許多不同的參與者合作，但英特爾只製造自己的晶片設計，甚至連英特爾也讓台積電製作了一些設計。事實證明，在尖端行動和人工智慧晶片時代，獲得所有這些不同的經驗對台積電特別有益，這是最終的勝利。 該團隊指出，高通考慮收購英特爾的著眼點在於，英特爾仍然非常擅長為個人電腦和伺服器（資料中心使用的電腦）設計晶片，這些業務可將互補高通現有的產品線。 《siliconangle》指出，過去20年半導體市場發生巨大變化，AMD和IBM等公司退出了代工業務。 Arm 利用智慧型手機革命並徹底顛覆了既定的商業模式。當2011年PC銷售達到頂峰時，英特爾的壟斷地位開始被削弱，台積電成為主導製造商。 與此同時，南韓三星與許多其他公司一起崛起，其中包括蘋果、AWS、特斯拉等大量新穎的晶片設計公司。 雖然英特爾曾經是半導體設計和製造的領導者，但過去十年卻未能跟上摩爾定律的步伐，其特點是從「tick-tock」模式轉變為「tick-tock、tock、tock、tock」模式，這反映了創新和代工利用方面的挑戰。因此，英特爾在產品設計和代工製造流程技術方面的主導地位被台積電取代。,"['財經', '國際財經']",
4810241,美東碼頭罷工倒數 全球航商運10月價齊喊漲,2024-09-25 02:01:00+00:00,核稿編輯歐祥義,https://img.ltn.com.tw/Upload/business/page/800/2024/09/25/phpglVi3Z.jpg美東港口碼頭勞資談判陷僵局，罷工恐在10月1日成真，可能引發全球搶艙和新一波運價漲價潮。（示意圖，彭博資料照）歐祥義／核稿編輯 〔財經頻道／綜合報導〕美東港口碼頭勞資談判陷僵局，罷工恐在10月1日成真，全球供應鏈恐受大衝擊，可能引發全球搶艙和新一波運價漲價潮，近幾日全球航運股近日表現強勁，台灣航運三雄今（25）日股價也跟著漲。 根據《路透》報導，週一美國海事聯盟（USMX）表示，在國際碼頭工人協會於10月1日對美國東海岸和墨西哥灣進行港口罷工之前，美國勞工部已與該組織聯繫。 為了因應美東碼頭罷工，全球大型航商紛紛對美東港口祭出相關附加費，包含貨櫃三雄長榮（2603）、陽明（2609）、萬海（2615），以及馬士基（Maersk）、達飛（CMA CGM）、赫伯羅德（Hapag Lloyd）等，將於10月中下旬加收各式港口附加費，每20呎櫃費用為800至2400美元不等，40呎櫃為1000至3000美元不等。 其中，馬士基（Maersk）宣布自10月21日起收取當地港口干擾附加費，預計每TEU（20呎標準櫃）收1500美元，每FEU（40呎標準櫃）收3000美元，45呎貨櫃則收費3780美元。 受此消息激勵，昨（24）日萬海以漲停價90.7元收盤，今以92.1元盤，至上午9點44分，漲2.21%、報每股92.5元；陽明昨收67.5元，今68.9元開盤，上午9點44分，漲0.44%、報每股67.9元；長榮則以205元開盤，至9:44分，漲0.25%、報每股204.5元。,"['財經', '國際財經']",
4810154,涉抵制新疆棉等產品！美國服裝巨頭遭中國商務部調查,2024-09-25 01:59:00+00:00,即時新聞,https://img.ltn.com.tw/Upload/business/page/800/2024/09/25/phpMGOy6o.jpgPVH集團是全球服裝巨頭，旗下擁有Calvin Klein、Tommy Hilfiger等知名暢銷品牌。（路透資料照）〔即時新聞／綜合報導〕中國商務部24日發布公告，對美國PVH集團啟動「不可靠實體清單」調查，要求該集團限期說明3年內否存在對涉及新疆產品採取歧視性措施，理由是該集團抵制新疆棉，嚴重損害中國企業權益，危害中國主權、安全與發展。 據中國商務部網站聲明，有關機構近期向「不可靠實體清單工作機制」建議、舉報，美國PVH集團涉嫌在缺乏事實依據的情況下，違反正常的市場交易原則，「無端抵制」新疆棉花等產品，嚴重損害有關中國企業合法權益，危害中國主權、安全和發展利益。 按照《不可靠實體清單規定》，不可靠實體清單工作機制決定對PVH集團有關行為啟動調查，並將根據調查結果採取相關措施。 PVH集團是全球服裝巨頭，旗下擁有Calvin Klein、Tommy Hilfiger等知名暢銷品牌。若被中國列入「不可靠實體清單」，將被禁止從事與中國有關的進出口活動。 中國商務部並在聲明中表示，美國PVH集團應在本公告公布日起算30天內，向不可靠實體清單工作機制辦公室提供書面資料、證明以及調查機關需要的其他資料，說明近3年內是否存在對涉及新疆產品採取歧視性措施等問題。 調查期間，任何單位及個人均可向不可靠實體清單工作機制辦公室反映美國PVH集團違反的正常市場交易原則，針對涉疆產品，中斷與中國企業、其他組織或者個人的正常交易、採取歧視性措施等情況，並應提供相關證據。 中國商務部同時強調，中國政府堅定不移推動高水準對外開放，堅定維護多邊貿易體制，堅定維護各類市場經營主體合法權益。中國一貫審慎處理不可靠實體清單問題，僅針對極少數破壞市場規則並違反中國法律的外國實體，「誠信守法的外國實體完全無需擔心」。 美國自2021年起以強迫勞動的疑慮為由，禁止進口來自新疆的產品。PVH集團官網目前置放一項「新疆維吾爾自治區全球合規聲明」，表示該集團遵守開展業務所在地區適用的法律和法規，包括美國政府有關新疆維吾爾自治區的政策。 中國商務部2月16日公告，將參與對台灣軍售的洛克希德馬丁公司（Lockheed Martin Corporation）、雷神導彈與防務公司（Raytheon Missiles & Defense）列入不可靠實體清單，禁止2家美國軍工企業從事與中國有關的進出口活動，還分別處以罰款，金額為「不可靠實體清單規定」實施以來各企業對台軍售合約金額的2倍。 今年5月20日，中國商務部再度公告，將參與對台軍售的美國通用原子航空系統公司（General Atomics Aeronautical Systems）、美國通用動力陸地系統公司（General Dynamics Land Systems）列入不可靠實體清單並予以制裁。,"['財經', '財經政策']",
4810231,供給潮推升辦公室租金？單價3300元在北市蔓延,2024-09-25 01:58:00+00:00,記者徐義平,https://img.ltn.com.tw/Upload/business/page/800/2024/09/25/4810231_1.jpg今年4月才興建完成的「皇翔台北廣場」，最高租金單價突破3800元。 （記者徐義平攝）〔記者徐義平／台北報導〕隨著北市辦公室供給潮出現，辦公室租金單價每月每坪3300元以上也從信義計畫區往其它行政區蔓延，目前大安區「敦南之森」、大同區「皇翔台北廣場」以及士林區「CAAM承德168大樓」等三處新落成大樓，最新實價揭露租金單價均為3300元起跳。 根據內政部實價網最新揭露，「敦南之森」（敦南安和公辦都更案）目前已有3、4、6樓等3筆租金實價揭露，以6樓承租面積以及月租金最高，每月租金為115.71萬元、承租面積約357.86坪（包括3車位、約33.93坪），3個車位月租金為3.45萬元，拆算辦公室每月每坪租金單價約3464元，至於，3、4樓每月每坪租金單價分別為3464、3359元。 而今年4月才興建完成的「皇翔台北廣場」也有最新兩筆租金實價，其中9樓月租金96.45萬元、承租面積約262.46坪，拆算每月每坪租金單價約3676元，另一筆為16樓，月租金58.12萬元、承租面積約152.81坪，拆算每月每坪租金單價約3805元。 至於，「CAAM承德168大樓」，5月揭露一筆12至20樓共9個樓層、81個車位的辦公室租金實價，每月租金高達1317.15萬元、承租面積約4212.5坪（包括81個車位、約626.94坪），拆算每月每坪租金單價約3322元。 第一太平戴維斯研究部資深協理丁玟甄指出，近期多棟新的辦公大樓完工，揭露行情明顯高出同一商圈的中古辦公大樓，租金行情甚至高出3成以上。 小標：新辦公樓租金高出3成 今年景氣表現佳，企業在搬遷的預算與動能，都較去年增溫。另外，由於多個商圈長期沒有新大樓釋出，企業在同一商圈擴編的意願強勁，再加上部分房東僅有少數辦公大樓資產，在租金堅持等多重因素混合之下，也使得部分新大樓的租金表現優於預期。 高力國際業主代表服務部董事黃舒衛表示，從皇翔台北廣場、寶紘凱越敦南之森、振業化工CAAM承德168，三棟分居商圈樓王的現象來看，綠色商辦已經成為市場潮流，而且不以國內綠建築EEWH為滿足，以國際認證、頂標認證為使命，甚至後續以綠色物管專業加持，也將成為業主永續經營的必要承諾。＃,"['財經', '房產資訊']",
4810194,川普誓言重振美國製造 放話將「搶走」海外就業機會,2024-09-25 01:58:00+00:00,核稿編輯高佳菁,https://img.ltn.com.tw/Upload/business/page/800/2024/09/25/phpGrv4XD.jpg美國前總統、共和黨總統候選人川普（Donald Trump）。（法新社）高佳菁／核稿編輯 〔財經頻道／綜合報導〕美國前總統、共和黨總統候選人川普（Donald Trump）週二（24日）表示，如果自己在這次大選後重返白宮，將持續推動企業減稅、擴大關稅，透過這些經濟政策重振美國製造業，並稱，美國將藉此「搶走」海外製造業的就業機會。 綜合外媒報導，川普週二出席喬治亞州薩凡納（Savannah）競選活動時，談到對「製造業復興」的想法，重申自己將懲罰在海外生產的美企，並對外國製造的產品徵收高額關稅，藉此保護美國本土工業，川普表示，這將使數百萬的就業機會從海外進入美國。 川普指出，在這樣的願景下，華府不只會阻止美企流向外國，還將搶走其他國家的就業機會。川普補充，選民如果將票投給川普，將看到製造業大規模從中國流向賓州，從南韓流向北卡羅萊納州，從德國流向喬治亞州。 川普也提到，考慮將那些在美國製造產品的企業稅率從21％降至15％，同時繼續推動對進口商品徵收「高額關稅」，並提議設置實施針對美國製造商的監管規範和超低稅率的「特別製造區」。 川普表示，如果再次當選，將對所有進入美國的進口商品加徵高達20％的關稅，並對所有中國產品加徵高達60％，而那些「不再使用美元的國家」則將課徵100％的關稅。 川普補充，將對墨西哥製造的汽車徵收100％或200％的關稅，這將阻止中企在墨西哥設汽車工廠，以規避美國關稅。川普指出，如果你的產品不是在這裡生產，那麼當這些產品要運往美國時，將不得不支付高額關稅。,"['財經', '國際財經']",
4810134,美股5年來有望迎來9月上漲！專家籲不要太樂觀：2因素10月恐回撤1％,2024-09-25 01:56:00+00:00,核稿編輯高佳菁,https://img.ltn.com.tw/Upload/business/page/800/2024/09/25/phpRZaSK5.jpg美股5年來有望迎來9月上漲！（美聯社）高佳菁／核稿編輯 〔財經頻道／綜合報導〕美股9月將迎來5年來首次上漲！S&P 500有望在9月份繳出亮麗成績單，這是自2019年以來的第1次漲幅超過1%，不過，專家提醒不要太樂觀，消費者是經濟前景關鍵，加上資料顯示，美股在大選年10月平均回撤近1%。 CNBC報導，根據Stock Trader's Almanac的數據，對於所有3個主要平均指數和羅素 2000 指數來說，這個月通常是1年中平均最糟糕的一段。 今年9月份表現亮眼，部分原因可能歸因於聯準會上週的超大規模降息，加上下半週公佈每週初請失業金人數報告好於預期，提振了主要平均指數，這種勢頭一直持續到本週，S&P 500週一（23日）創下新的收盤紀錄，週二創下盤中續創歷史新高，儘管消費者信心報告差於預期。 世界大型企業聯合會（Conference Board）9月份的消費者信心指數創下3年多來的最大單月跌幅，任何令人擔憂的經濟數據，對於投資者尋求聯準會降息決定不會冒經濟衰退的風險來說仍然是一個阻力。 本月迄今的股票表現仍與歷史先例不一致，CIBC 私人財富管理固定收益主管 Gary Pzegeo 表示，消費者是經濟前景的關鍵，今天的失誤會讓你認為聯準會將傾向於市場要求以更快的速度進行更多降息。 展望未來，由於2024年大選，投資者還將不得不應對歷史上處於歷史低迷狀態的10月，根據股票交易員年鑒，基準S&P 500通常在選舉年的10月份平均回撤近1%。,"['財經', '國際財經']",
4810130,黃仁勳提前完成賣股！3個月套現金額「好驚人」,2024-09-25 01:44:00+00:00,核稿編輯林浥樺,https://img.ltn.com.tw/Upload/business/page/800/2024/09/25/phpyBJ0Dh.jpg黃仁勳在3個月內共賣出600萬股輝達股票，套現7.13億美元（約228.97億元新台幣）。（彭博）林浥樺／核稿編輯 〔財經頻道／綜合報導〕輝達執行長黃仁勳最近完成了在今年初設定的賣股計劃，在3個月內共賣出600萬股輝達股票，套現7.13億美元（約228.97億元新台幣）。 黃仁勳在今年3月時，依據美國證券交易法10b5-1所排定好一系列交易，當時輝達提交給SEC的申報文件顯示，黃仁勳將在2025年3月31日前，出售最多60萬股輝達股票，但輝達後來進行「1拆10」的拆股，黃仁勳會依照該計劃賣出600萬股輝達股票。 黃仁勳從6月14日至9月13日這段期間，分批出售股票，每次交易數量少則70股，多則7萬5300股，賣出價格最低是8月5日的91.72美元，最高則是6月20日的140.24美元。 總而言之，黃仁勳根據10b5-1制定的這次交易計劃，共套現了7.13億美元，每股平均交易價格為118.83美元，雖然該交易計劃原定於2025年3月才會結束，不過提前6個月就達成計畫預設上限。 根據黃仁勳向SEC提交的文件，他的個人帳戶目前持有7540萬股輝達股票。此外，他通過信託和合夥企業擁有7.86億股輝達股票。此外，黃仁勳是輝達最大的個人股東。截至3月底，他持有輝達3.8%的股份，這是在他2024年賣股之前的數據。 輝達股價週二（24日）收120.87美元，漲幅3.97%。,"['財經', '國際財經']",
4810196,焦點股》創意：奪3奈米AI大單！跳空漲停,2024-09-25 01:32:00+00:00,記者卓怡君,https://img.ltn.com.tw/Upload/business/page/800/2024/09/25/4810196_1.jpg創意總經理戴尚義。（記者卓怡君攝）〔記者卓怡君／台北報導〕矽智財（IP）暨ASIC（特殊應用晶片）廠創意（3443）宣布3奈米HBM3E控制器和實體層IP已獲領先業界的雲端服務供應商（CSP）及多家高效運算（HPC）解決方案供應商採用，預計今年投片，並將採用最新的9.2Gbps HBM3E記憶體技術，在此利多題材激勵下，創意今日股價開盤跳空漲停。 創意今日開盤直接漲停，漲停價1170元，排隊委買張數逾700張。 創意指出，公司積極與HBM記憶體供應商例如美光科技合作，致力於開發下一代HBM4 IP，以應對未來更多元化的應用需求。公司HBM3E IP方案在技術上領先市場，並已通過台積電（2330）先進製程技術的矽驗證，包括N7／N6、N5／N4P、N3E／N3P製程。此外，創意的IP亦通過所有主流HBM3供應商的矽驗證，確保其解決方案的兼容性與穩定性。 ,"['財經', '證券產業']",
4810193,焦點股》廣達：GB200助攻 股價喊衝,2024-09-25 01:31:00+00:00,記者方韋傑,https://img.ltn.com.tw/Upload/business/page/800/2024/09/25/4810193_1.jpg廣達（2382）受惠於輝達（NVIDIA）GB200訂單量持續成長，法人看好2025上半年淡季不淡。（彭博檔案照）〔記者方韋傑／台北報導〕廣達（2382）受惠於輝達（NVIDIA）GB200訂單量持續成長，受法人看好2025上半年淡季不淡，今開盤股價大漲5.84%，截至上午9時12分暫報269.5元，漲幅5.07%，成交量超過1.2萬張。 法人表示，由於廣達旗下AI伺服器業務持續成長，將帶動集團非PC營收進一步擴大佔比，此外，廣達在車用電子領域同步深化與歐美、日系車廠供應鏈的合作關係，燃油車、電動車的電子控制器以及軟體滲透率將繼續提升。 法人預估，廣達2024年總營業額可望達到1.43兆元，較去年成長31.86%，2025年受惠非PC營收領域顯著成長，除了車用業務加入新客戶做出供應，輝達GB200訂單也將大幅挹注營運表現，伺服器全年業績上看2.25兆元、年增57.16%。 ,"['財經', '財經政策']",
4810191,焦點股》訊舟:擴大布局印度 市場叫好,2024-09-25 01:29:00+00:00,記者王憶紅,https://img.ltn.com.tw/Upload/business/page/800/2024/09/25/4810191_1.jpg訊舟擴大布局印度市場。（擷取官網）〔記者王憶紅／台北報導〕網通股訊舟（3047）今日開高震盪走高，盤中一度觸及漲停42.1元，截至9:17，股價來到41.15元，上漲2.85元，漲幅7.44%。 訊舟昨日舉行法說，訊舟指出，與子公司康全（8089），對印度市場寄與厚望，訊舟不僅在印度成立子公司，也會持續擴大在印度的佈局，包括投資研發及工廠，預期2025年會陸續看到，印度是訊舟集團未來重點。 值得注意的是，康全大客戶 NetComm 破產清算部分，康全電訊上半年認列 1.06 億的壞帳，近期收到債權分配款項296萬美元，折台幣9458.5萬元，可望在第3季認列回沖，挹注訊舟、康全第三季獲利表現。 訊舟子公司康全電訊已成功打入印度市場，因印度第二批訂單尚未開標，預期今年度出貨高峰到第三季，第二批訂單預期第四季才會開標，因此康全下階段出貨高峰可望落在明年3月。 ,"['財經', '證券產業']",
4810176,高雄市今年前八月房地合一稅收六十億元 年增1倍,2024-09-25 01:27:00+00:00,記者侯承旭,https://img.ltn.com.tw/Upload/business/page/800/2024/09/25/4810176_1.jpg高雄市今年前八個月的房地合一稅收超過六十億元。（記者侯承旭攝）〔記者侯承旭／高雄報導〕高雄市今年以來房市轉趨熱絡，前八個月的房地合一稅實徵金額超過60億元，比去年同期成長百分之百。 根據財政部統計，今年1至8月，全國的房地合一稅實徵金額達437億元，六都部分台中市實徵金額達81.8億元最高，其次是新北市的77億元，高雄市以64.2億元居第三。 若與去年同期相比，全國今年前8個月房地合一稅收增加了92%，高雄市的稅收增幅為101%，增加了一倍，增幅高於全國平均值，是房地交易最火熱的縣市之一。 房仲人士分析，高雄近幾年招商成績有目共睹，在高雄購屋的民眾，因房價漲幅已達滿足點，獲利了結意願增加，且空手者追價意願也高，交易量如火山爆發，加上房價漲幅不小，因此房地合一稅稅收大幅增加，隨著央行管制措施趨緊，高雄房市是否降溫仍待觀察。,"['財經', '財經政策']",
4810171,美系客戶新AI手機助攻 優群樂看9月續寫新猷,2024-09-25 01:25:00+00:00,記者方韋傑,https://img.ltn.com.tw/Upload/business/page/800/2024/09/25/4810171_1.jpg優群（3217）總經理劉興義看好下半年整體出貨較上半年翻倍成長。（記者方韋傑攝）〔記者方韋傑／台北報導〕連接器廠優群（3217）受惠於智慧型手機大客戶新機上市，加上既有機種持續銷售，帶動優群9月營收將超越8月創下的單月歷史新高紀錄，此外，利基型連接器也同步持續提升市場滲透率，在前8個月營業額創高之下，全年業績表現可望續寫新猷。 優群美系智慧型手機客戶本月甫發表第16代系列新機，總經理劉興義表示，旗下微型沖壓件除了按照進度出貨給下游組裝廠，也受客戶去年發布的既有機種持續導入使用，在客戶新舊產品助攻之下，優群微型沖壓件全年出貨可望年增3成，成為今年主要成長動能之一。 此外，與8月法說會大致相同的是，優群利基型連接器SO-DIMM 於第5代雙倍資料率同步動態隨機存取記憶體（DDR5）的應用前景持續看好，除了第2季的市場滲透率已超越3成，在第3季、第4季可望接連突破4成、5成大關，為下半年營運動能增添柴火。 從上半年來看，優群SO-DIMM業績已佔整體33.4%、M.2為29.9%、Type-C 達11.8%、Long-DIMM佔10.4%、Metal Bar達6.6%、其他7.9%，儘管Long-DIMM前7月表現僅與去年同期持平，不過全年仍可呈現增加態勢，下半年整體出貨動能較上半年翻倍成長，合併毛利率也將優於去年同期。,"['財經', '證券產業']",
4810170,台積電重返千金股 市值攀達逾26兆元,2024-09-25 01:23:00+00:00,記者洪友芳,https://img.ltn.com.tw/Upload/business/page/800/2024/09/25/phpeav04Y.jpg台積電重返千金股 市值攀達逾26兆元〔記者洪友芳／新竹報導〕美股上漲，輝達、台積電ADR各飆漲4％，帶動台積電（2330）今股價重返千元，飆1千元開出，上漲13元、漲幅1.32%，截至9點05分，股價來到1005元，市值攀升到26兆元之上。 美國聯準會降息，中國也展開救市，美股24日震盪後走高，道瓊連4個交易日創收盤新高，上漲83.57點、0.20％，標普500指數也創新高紀錄，漲14.36點、0.25％，費城半導體指數上漲65.97點、1.31％。 外資新發布報告指出，因客戶群對人工智慧（AI）的需求有增無減，台積電CoWoS產能擴張將提早一年出現。並上調台積電明年的預估CoWoS產能、資本支出、營收及獲利，並將目標價從1220元上調到1280元，維持「優於大盤」投資評等。,"['財經', '財經政策']",
4810142,美司法部起訴Visa壟斷市場 影響「幾乎所有物品」價格,2024-09-25 01:20:00+00:00,核稿編輯歐祥義,https://img.ltn.com.tw/Upload/business/page/800/2024/09/25/phpEhuzHI.jpg美國司法部週二（24日）起訴全球最大支付網路Visa。（路透資料照）歐祥義／核稿編輯 〔財經頻道／綜合報導〕美國司法部週二（24日）起訴Visa，稱這個全球最大支付網路透過對合作夥伴實施「排他性」的協議，並打壓新創公司，藉此達到簽帳金融卡市場的非法壟斷，且Visa收取的額外費用，幾乎影響所有物品的價格。 《CNBC》報導，美司法部表示，Visa多年以來的行動，已導致美國消費者和商家支付數十億美元的額外費用，司法部長賈蘭德（Merrick Garland）指出，Visa非法累積了收取費用的權力，遠遠超出了在競爭性市場中可以收取的費用。 根據訴狀，美國有超過60％的簽帳交易透過Visa進行，使得該公司每年收取超過70億美元（約新台幣2232.6億元）的手續費。 賈蘭德表示，商家和銀行透過提高價格，或是降低品質、服務，將這些成本轉嫁給消費者，因此Visa的非法行為影響的不只是單一物品的價格，幾乎是所有物品的價格。 隨著消費者在實體商店和電商擴大使用信用卡、簽帳金融卡，取代了現金消費，Visa和競爭對手萬事達卡（Mastercard）在過去20年內快速成長，合計市值達到約1兆美元（約新台幣31.8兆元）。這兩家公司在本質上是「收費員」，為商家和持卡人在銀行之間付款。 Visa表示，司法部的訴訟「毫無根據」。總法律顧問羅特伯格（Julie Rottenberg）指出，Visa只是藉由簽帳金融卡領域不斷成長的競爭者之一，其他進入市場的對手也正蓬勃發展。 支付網路幾十年來的主導地位近期愈來愈引起監管機構和零售商的關注，2020年，美司法部提出反壟斷訴訟，阻止Visa收購金融科技公司Plaid，兩家公司最初表明將對抗訴訟，但很快就放棄了這項價值53億美元（約新台幣1690.4億元）的收購交易。 今年3月，Visa和萬事達卡同意限制收費，並允許商家向使用信用卡的客戶收取費用，零售商表示，這一協議將在5年內，協助節省300億美元（約新台幣9570億元）。聯邦法官最終以他們有能力支付「更大規模」的交易費用為由，駁回雙方的和解協議。 美司法部在訴狀中指出，Visa威脅商家和銀行，如果他們將簽帳交易的大量佔額轉移給競爭對手，則將面臨懲罰性費率。美司法部表示，這些排他性協議有助於讓Visa旗下4分之3的簽帳交易免受公平競爭的影響，鞏固了Visa網路的地位。 美司法部提到，這些措施也抑制了產業創新。訴狀稱，Visa每年向競爭對手支付數億美元，以降低他們研發創新技術的風險，這些新技術可以推動產業發展，但可能會威脅到Visa的壟斷利潤。,"['財經', '國際財經']",
4810162,API：美國原油庫存上週減少逾433萬桶 降幅超預期,2024-09-25 01:08:00+00:00,核稿編輯高佳菁,https://img.ltn.com.tw/Upload/business/page/800/2024/09/25/phpI2UBbt.jpg根據美國石油協會（API）公佈的最新數據顯示，截至9月20日的1週內，美國原油庫存減少433.9萬桶。（示意圖，法新社）高佳菁／核稿編輯 〔財經頻道／綜合報導〕根據美國石油協會（API）公佈的最新數據顯示，截至9月20日的1週內，美國原油庫存減少433.9萬桶，降幅超過市場預期的減少110桶。 綜合媒體報導，除整體原油庫存減少外，美國汽油庫存和蒸餾油庫也在上週分別減少343.8萬桶、111.5萬桶。 根據《investing.com》數據，截至台灣時間9月25日上午8點54分左右，紐約西德州中級原油2024年11月交割價下跌0.12美元，或0.17%，暫報每桶71.44美元；倫敦布蘭特原油2024年12月交割價下跌0.07美元，或0.09%，暫報每桶74.39美元。,"['財經', '國際財經']",
4810167,台股開盤》台積電重返千元 指數漲近300點站上22700點,2024-09-25 01:04:00+00:00,核稿編輯高佳菁,https://img.ltn.com.tw/Upload/business/page/800/2024/09/25/phpSQi1DN.jpg台積電重返千元，指數漲近300點站上22700點（資料照）高佳菁／核稿編輯 〔財經頻道／綜合報導〕美股4大指數週二全面上揚，台股今在台積電（2330）開盤直接站上千元大關，指數開盤漲137.51點，以22569.29點開出，在電金傳齊揚下，指數開高走高，漲逾近300點，指數來到22729點。 ,"['財經', '證券產業']",
4810159,黃金再刷新高！分析師認最快「這時」破2700美元,2024-09-25 00:55:00+00:00,核稿編輯高佳菁,https://img.ltn.com.tw/Upload/business/page/800/2024/09/25/phpyXL76J.jpg週二（24日）黃金上漲。（路透資料照）高佳菁／核稿編輯 〔財經頻道／綜合報導〕由於中東緊張局勢和美國消費者信心惡化，增強黃金的避險吸引力，加上美國公債殖利率下跌和美元疲軟，週二（24日）黃金價格上漲1%創下史上高點，2024年迄今金價已上漲28%，分析師則認為，中東局勢若進一步升級，並且有更多降息的傳言，金價可能最快在本週末突破2700美元。 黃金現貨價格上漲1.1%，報每盎司2656.38美元，盤中價格一度觸及2654.96美元紀錄；12月交割的黃金期貨價格上漲約1%，報每盎司2680美元。 《Market Watch》報導，Kitco.com資深分析師威柯夫（Jim Wyckoff）表示，隨著中國央行將關鍵利率（銀行存款準備金率）降低 0.5個百分點，以支持中國股市和房地產市場，貴金屬得到了一些「潛在的利多消息」，可能促使促使中國對包括金屬在內的原材料需求增加。 另外據《路透》報導，RJO期貨公司資深市場策略師哈伯康（Bob Haberkorn）表示，金價當前飆漲係因對中東局勢的擔憂而進行避險。他認為伊朗可能有下一步行動，所以黃金將繼續創下新高。 他說：「如果中東局勢進一步升級，並且有更多降息的傳言，金價可能最快在本週末突破2700美元。」 而美國聯準會（Fed）開始放鬆貨幣政策也推動了金價的上漲，因為黃金不孳息，降息可削減持有黃金的機會成本。 芝加哥聯邦準備銀行總裁古斯比（Austan Goolsbee）預計明年將進一步降息，這增強了黃金動能。 交易員等待本週稍晚Fed主席鮑爾（Jerome Powell）的演講和美國通膨數據。,"['財經', '國際財經']",
4810156,中國刺激措施、中東局勢升溫 國際油價上漲,2024-09-25 00:53:00+00:00,核稿編輯林浥樺,https://img.ltn.com.tw/Upload/business/page/800/2024/09/25/phpFBvZLb.jpg國際油價週二（24日）上漲。（路透）林浥樺／核稿編輯 〔財經頻道／綜合報導〕由於中國這個全球最大原油進口國推出了貨幣刺激措施，加上中東衝突升溫，使投資人擔心供應恐受影響，國際油價週二（24日）上漲。 紐約西德州中級原油11月交割價上漲1.19美元，或1.7%，收每桶71.56美元。 布蘭特原油11月交割價上漲1.27美元，或1.7%，收每桶75.17美元。 能源諮詢機構「雷斯塔德能源」（Rystad Energy）全球市場分析總監加林貝帝（Claudio Galimberti）在報告中指出，中國政府宣布疫情以來最大規模的經濟刺激計劃，再加上中東地緣政治緊張局勢突然升溫，這打擊了過去3週主導石油市場的看跌情緒。 中國央行祭出疫情以來最大規模的刺激措施，以拉動經濟擺脫通縮，回到中國政府的增長目標，但分析師警告稱，要實現這些目標，更多的財政支持至關重要。 另一方面，在中東這個重要的產油區，以色列對貝魯特的空襲炸死一名真主黨高級指揮官，雙方的跨境火箭襲擊，也加劇了人們對於該地區全面戰爭的擔憂。,"['財經', '國際財經']",
4810150,獨家》台積電高雄廠將由張宗生擔任主帥,2024-09-25 00:44:00+00:00,記者洪友芳,https://img.ltn.com.tw/Upload/business/page/800/2024/09/25/phpQxLrAn.jpg台積電近期敲定由高雄人的副總經理張宗生（內部稱他為生哥）擔任高雄廠區主帥，負責營運管理，各廠廠長協力襄助。（擷取官網）〔記者洪友芳／新竹報導〕台積電高雄2奈米廠如火如荼施工，首座廠完工倒數計時並傳出將於12月裝機，明年第2季可望試產，第3座廠也即將動土，高雄將成為台積電2奈米先進製程生產重要廠區，據了解，台積電近期敲定由高雄人的副總經理張宗生（內部稱他為生哥）擔任高雄廠區主帥，負責營運管理，各廠廠長協力襄助。 台積電位於高雄楠梓園區首座（P1）2奈米廠加速建廠中，預計12月起展開裝機，試產時間最快將落在明年第2季。第2座廠（P2）施工中，裝機時程可望落在明年下半年。第3座廠（P3）預計本月底動土。加上供應鏈的未來幾年總投資，估計將共達數兆元。 高雄將成為台積電2奈米先進製程生產重要廠區，供應蘋果等國際大客戶。半導體供應鏈包括設備、材料等國內外廠商，紛前進高雄卡位，加上年底配合開始裝機，供應鏈傳出，台積電員工到今年底進駐高雄將達1500人，目前現場施工人員則高達逾4千名工人，相當可觀。 據了解，台積電近期敲定副總經理張宗生（內部稱他為生哥）負責高雄廠區營運管理，他是高雄旗山人，目前是台積電先進技術暨光罩工程副總經理。公司官網介紹他，曾任晶圓十二B廠資深廠長，擁有營運組織20年以上的實務經驗，參與晶圓一廠、四廠、八廠、十二廠以及十四廠的技術開發與製造，是成功帶領台積電先進技術落地量產的關鍵人物。 張宗生考進清大電機系，從大學一路唸到博士，他於1995年進入台積電從主任工程師做起，隔年進入當時台積電最先進的晶圓廠，帶領Tiger Team團隊研究0.25微米邏輯晶片，這研究讓張宗生在台積電一戰成名，後來更陸續負責多項新技術的研發。 張宗生於2013年獲選為台積科技院士，院士是表揚他在創新和卓越工程的成就。他在全球擁有52項專利，其中一半為美國專利。 張宗生之前出席公司贊助棒球公益活動，介紹自己是高雄旗山鄉下人，除了讀書就是運動，國小、國中都曾參與棒球隊，在台積電也成立壘球社，每星期練習一次，他除了贊助經費，也會去看他們練球，但沒有下場去打，他自嘲「年紀過了五十歲，眼力與協調性變差，就不敢下場打球了」。 對於打棒球，他認為，棒球是團隊的活動，跟他在工作上強調團隊合作一樣，棒球有投手、捕手、內野手、外野手等不同角色，要互相搭配與合作無間，才可能贏得球賽，跟工作不同角色都要各盡其職很類似。張宗生表示，他從小就學到團結合作最重要，而且要服從教練的指導，道出打棒球跟工作很相通，顯見他很重視團隊合作。,"['財經', '證券產業']",
4810042,金管會核准三商壽改善計畫 年底前RBC須拚200％,2024-09-25 00:17:00+00:00,記者王孟倫,https://img.ltn.com.tw/Upload/business/page/800/2024/09/24/4810042_1.jpg金管會核准三商美邦壽財務改善計畫，並要求今年底前，RBC須達到200%（記者王孟倫攝）〔記者王孟倫／台北報導〕今年6月底三商美邦人壽資本適足率RBC僅151%，已經連續五期未達法定標準200%；金管會保險局今天表示，日前已經同意三商壽規劃，將採「現金增資」、「發行次債」強化資本，並持續洽談策略性投資人，目標要在今年底之前，完成RBC達標。 不過，保險局也強調，雖然金管會已經核准三商壽改善計畫，若屆時無法落實達成，可依法對其進行裁罰。 根據公開資料顯示，三商壽從2022年6月開始至今，已連兩年、共四期RBC、淨值比都未達法定標準，而最新的2024年6月，RBC僅151%，只有淨值比3.34%達陣過關，等於連續五期RBC都不合格。 對此，三商壽在今年7月向金管會提報財務改善計畫，但保險局認為，時程比較不具體，「我們覺得時間太長，要求盡量往前」，因此，要求三商補件；後來，三商在8月提新改善方案，並在9月9日獲保險局核准同意。 保險局副局長蔡火炎指出，三商提出的新方案重點包括：現增與發債金額全拉高，財務改善時程抓到今年底，資金都會到位，備援方案是今年底啟動；一旦年底RBC未達陣，備援方案就要啟動。 根據三商壽規劃，目前已完成20.4億元現增，後續還有25億元發債額度尚未到位，另外，董事會通過現增3億股、次債100億元合計共120億元，加上引進策略投資人；等這四項資金到位後，預期今年底RBC可達200%法定目標。,"['財經', '證券產業']",
4809087,巴菲特賣股是「不祥訊號」？經理人 : 像極1999年網路泡沫爆發前,2024-09-24 23:46:00+00:00,核稿編輯高佳菁,https://img.ltn.com.tw/Upload/business/page/800/2024/09/24/phpCFE1Rk.jpg基金經理人稱，巴菲特削減股票部位對投資人來說是一個謹慎訊號。（美聯）高佳菁／核稿編輯 〔財經頻道／綜合報導〕美國降息後市場迎來漲勢，但股神巴菲特賣股並未停歇，波克夏海瑟威的現金水位創了新高紀錄。據報導，經濟學家認為，巴菲特大幅削減蘋果和美國銀行等股票，是值得注意的訊號，當前的市場與1999年當時巴菲特的觀點有很多相似之處。 晨星經濟學家比爾·斯米德（Bill Smead）表示，巴菲特曾在1999年在網路泡沫爆發前發出的警告，當時所談及的許多變數都是詛咒，而不是祝福。 斯米德一直密切關注巴菲特和查理·芒格，並實施這2人對低估股票的長期買入並持有策略。根據晨星公司的數據，斯米德所管理的基金，在過去15年裡擊敗了99%的類似基金。在此期間，他的平均年報酬率為14%，優於標準普爾500指數（年化報酬率為13.8%）。 斯米德指出，當時巴菲特認為，股市在1999年之前的幾年表現良好是2個因素，包括長期利率下降和企業利潤上升。巴菲特當時表示，股市不太可能繼續走這條路，即使利率確實下降，企業利潤也很難像1980與1990年代那樣成長。此外，與利率水準密切相關的估值已攀升至極端，未來回報有限。 但在這之後，標普500指數在幾年裡持續暴跌了50%，10年後對比1999年9月的價值仍下跌20%以上。 斯米德認為，隨著聯準會降息，通膨將再次飆升。雖然10 年期公債利率正在下降，但另一次通膨爆發將推動利率升至6%。因此，從許多指標來看，估值都處於歷史高點附近，這對市場來說是個麻煩。 他認為，儘管就業市場數據強勁超出市場預期，失業率雖有上升，但仍處於歷史低位，但考慮綜合因素，預期通膨回升將推高利率、估值居高不下、企業高成長率無法永遠持續下去，押注未來指數表現不佳。據他估計，巴菲特也是如此。 斯米德強調，巴菲特以長期、耐心的態度聞名，買入優秀企業並長期持有，這是巴式風格。巴菲特不會無緣無故做出大規模拋售的舉動，但現今波克夏的現金水位到達了2769.4億美元（約新台幣8.8兆元），創新高紀錄，這是不尋常的地步，其背後有動機令人深思，這令人感覺好像還有事情將要發生。 他稱，「看看巴菲特所做的拋售策略，他正在為惡性循環做準備，市場的上漲最終將逆轉，並進入拋售的回饋循環」。,"['財經', '國際財經']",
4809231,克服人們臨終前最後悔的5件事 專家：很簡單只要做1件事,2024-09-24 23:44:00+00:00,核稿編輯高佳菁,https://img.ltn.com.tw/Upload/business/page/800/2024/09/24/phpUQgc49.jpg克服人們臨終前最後悔的5件事，專家表示，只要提醒自己，「你的時間是有限，且不可預測的」，就能減少遺憾。（屏東基督教醫院提供）高佳菁／核稿編輯 〔財經頻道／綜合報導〕人們為了追逐榮華富貴，往往錯過了許多人生中寶貴的人事物，根據專家表示，人們臨終前最後悔的5件事，包括我工作太多，錯過了生活；我沒有花足夠的時間和我愛的人在一起等，然而要克服這些遺憾其實很簡單，專家表示，只要提醒自己，「你的時間是有限，且不可預測的」，就能做出較正確的決定，減少遺憾。 CNBC報導，內科專業醫生肖莎娜·安格爾萊德 （Shoshana Ungerleider） 表示，為了過著有意義、充實的生活，你必須接受生活最終會結束的事實。 她表示，多年來，她一直在照顧住院病人，她觀察到人們在臨終時會感到後悔，因臨近生命的盡頭確實可以讓你活在當下，因為這就是你所擁有的一切。 至於人們在臨終前最後悔的5件事： 1、我沒有花足夠的時間和我愛的人在一起。 2、我工作太多，錯過了生活。 3、我讓恐懼控制了我的決定，不去冒險。 4、我希望面對不確定性或機會時我能更勇敢。 5、我過於關注未來而忽視了現在。 Ungerleider對於克服這些遺憾的建議很簡單，提醒自己，你的時間是有限，且不可預測的，並定期問自己一些重大的、重要的問題。我想如何度過我的時間？我一生中什麼對我來說最重要？ 她特別鼓勵年輕人，他們自己或他們所愛的人，通常還沒有面臨重大的健康挑戰，將這種反思視為「長壽、健康的生活和良好生活品質的真正組成部分」。 另內科醫生索莎娜‧昂格萊德建議年輕人應均衡飲食，定期鍛煉，避免吸煙和高風險活動，並對死亡率的反思確實應該列在這個清單上。 她補充道，反思我們自己一生的死亡率，無論你是20 歲、50 歲、80 歲，無論什麼年齡，都能讓我們每天過得更好，更有意義和目標。 前安寧療護工作者韋爾（Steve Ware）在2011年出版的《臨終者最後悔的5件事》一書中，她寫道，她聽到的最常見的遺憾是，我希望自己有勇氣過一種忠於自己的生活，而不是別人期望我的生活。 許多人直到最後才意識到，原來幸福是一種選擇，他們一直停留在舊的模式，和習慣中。,"['財經', '國際財經']",
4810103,中國祭重磅政策救經濟 美股24日全收紅、道瓊與標普再創新高,2024-09-24 23:43:00+00:00,核稿編輯曾德峰,https://img.ltn.com.tw/Upload/business/page/800/2024/09/25/phpInUi1v.jpg美股4大指數24日收高，其中道瓊和標普500指數再創收盤新高。（法新社）曾德峰／核稿編輯 〔即時新聞／綜合報導〕中國推出多項重磅經濟措施，市場對此反應良好，美股4大指數24日收高，其中道瓊和標普500指數再創收盤新高。 綜合媒體報導，道瓊連續第4個交易日創收盤新高紀錄，標普500指數小漲近0.3％，再創收盤新高，擺脫9月消費者信心指數疲軟的影響。由於中國人民銀行行長潘功勝24日宣布提振疲軟經濟的三大政策，導致國際股市整體大幅波動，許多礦業股也因此收高，在美國上市的中國企業股價也迎來一波飆漲。 大型科技股方面則是漲跌互現，輝達大漲近4%、微軟下跌1％、蘋果微漲0.4％。台積電ADR大漲4.13％，收在181.97美元。 道瓊工業指數上揚83.57點，或0.20%，收報42208.22點。 標準普爾500指數小漲14.36點，或0.25%，收在5732.93點。 那斯達克指數挺升100.25點，或0.56%，收在18074.52點。 費城半導體指數上漲65.97點，或1.31%，收在5091.78點。,"['財經', '財經政策']",
4809351,IMD全球前10大人才中心出爐！瑞士蟬聯11冠 亞洲只有這2國入榜,2024-09-24 23:43:00+00:00,核稿編輯高佳菁,https://img.ltn.com.tw/Upload/business/page/800/2024/09/24/phpcDHLEg.jpg全球前10大人才中心出爐！瑞士蟬聯11冠，亞洲只有這2國入榜（歐新社）高佳菁／核稿編輯 〔財經頻道／綜合報導〕根據IMD 2024年世界人才排名，瑞士連續第11年位居全球最具人才競爭力國家榜首，這表明儘管全球工作環境瞬息萬變，瑞士仍擁有強大而穩定的人才庫；至於亞洲國家只有新加坡和香港入榜，分別位居第2與第9名。 CNBC報導，該排名衡量世界各地經濟體在維持人才庫方面的表現。今年，該榜單綜合了IMD世界競爭力中心和全球 67 個經濟體外部來源的調查答案和硬數據。 這些數據分為3個部分：對本土人才的投資和發展、吸引力（一個國家利用海外人才庫的程度）和準備度（人才庫中技能和能力的可用性）。 2024年全球10個最具人才競爭力的經濟體，依序為瑞士、新加坡、盧森堡、瑞典、丹麥、冰島、挪威、荷蘭、香港、奧地利。 報導指出，歐洲國家在今年的排名中佔據主導地位，在前10名中佔據8席。亞洲的兩個經濟體也榜上有名，新加坡和香港分別排名第2和第9。 瑞士在人才競爭力方面始終名列前茅，自2014年排名啟動以來一直位居榜首。 這個歐洲國家在生活品質、衛生基礎建設、大學教育、法定最低工資、吸引外國高技能人才的能力等多項標準上名列前茅。 新加坡也是今年榜單的佼佼者。報導稱，這個城邦國家「從 2014 年的第 18 位上升到今年的第2位，可能會在不久的將來對瑞士的統治地位構成挑戰」。 新加坡的穩定崛起得益於其人才庫的準備情況，在排名國家中排名第1。報告稱，該國還表現出最不歧視的情況，在勞動力成長、熟練勞動力的供應和金融技能的供應方面排名第1。 至於，美國今年不僅未能進榜，還下降了6名，跌至第 21名。值得注意的是，受生活成本和個人所得稅稅率的影響，美國在吸引力類別中的排名也從 2020年的第2位下降至2024年的第14位。 美國今年的準備度類別也下降至第32名。在語言技能或滿足企業需求的語言技能可用性方面被評為低於平均水平，在全球 67 個經濟體中排名第 47 位。,"['財經', '國際財經']",
4810024,保單變更要保人   小心被課贈與稅,2024-09-24 23:30:00+00:00,記者鄭琪芳,https://img.ltn.com.tw/Upload/business/page/800/2024/09/24/4810024_1.jpg中區國稅局表示，保單變更要保人，應申報贈與稅。（記者鄭琪芳攝）〔記者鄭琪芳／台北報導〕財政部中區國稅局表示，國人常利用保險進行投資理財規劃，於下一代成年後，以變更要保人方式，達成財富傳承；不過，於保險契約存續期間變更要保人，形同要保人將保單價值無償移轉予他人，屬「遺贈稅法」第4條第2項的贈與行為，應申報贈與稅。 舉例說明，甲君於2011年1月1日以自己為要保人向保險公司購買1張保單，後於2024年8月1日將要保人變更為兒子，而該保單在變更日的保單價值準備金為600萬元，應計入2024年度贈與總額600萬元，因已超過贈與稅免稅額244萬元，因此甲君應於贈與行為發生後30日內（即8月31日前）辦理贈與稅申報。 中區國稅局提醒，保險契約存續期間變更要保人，且保單價值準備金超過贈與稅免稅額時，應於規定期限內申報並繳納贈與稅，以免被補稅還要受罰。,"['財經', '財經政策']",
